Year,Item,Area_ha,total_area,area_share,prev_area_share
1961,Barley,3885.0,297595.0,0.013054654816109141,
1961,"Beans, dry",5000.0,297595.0,0.016801357549690015,
1961,Maize (corn),135000.0,297595.0,0.4536366538416304,
1961,Oats,642.0,297595.0,0.002157294309380198,
1961,"Other fruits, n.e.c.",2700.0,297595.0,0.009072733076832607,
1961,"Other vegetables, fresh n.e.c.",1765.0,297595.0,0.005930879215040576,
1961,"Peas, dry",16871.0,297595.0,0.05669114064416405,
1961,Potatoes,200.0,297595.0,0.0006720543019876006,
1961,Sorghum,65000.0,297595.0,0.2184176481459702,
1961,Wheat,66532.0,297595.0,0.22356558409919522,
1962,Barley,4000.0,296430.0,0.013493910872718685,0.013054654816109141
1962,"Beans, dry",5000.0,296430.0,0.01686738859089836,0.016801357549690015
1962,Maize (corn),135000.0,296430.0,0.45541949195425563,0.4536366538416304
1962,Oats,700.0,296430.0,0.00236143440272577,0.002157294309380198
1962,"Other fruits, n.e.c.",2700.0,296430.0,0.009108389839085114,0.009072733076832607
1962,"Other vegetables, fresh n.e.c.",1830.0,296430.0,0.006173464224268799,0.005930879215040576
1962,"Peas, dry",12000.0,296430.0,0.04048173261815606,0.05669114064416405
1962,Potatoes,200.0,296430.0,0.0006746955436359342,0.0006720543019876006
1962,Sorghum,65000.0,296430.0,0.21927605168167863,0.2184176481459702
1962,Wheat,70000.0,296430.0,0.236143440272577,0.22356558409919522
1963,Barley,4000.0,295485.0,0.013537066179332284,0.013493910872718685
1963,"Beans, dry",5000.0,295485.0,0.016921332724165357,0.01686738859089836
1963,Maize (corn),135000.0,295485.0,0.4568759835524646,0.45541949195425563
1963,Oats,700.0,295485.0,0.0023689865813831495,0.00236143440272577
1963,"Other fruits, n.e.c.",2700.0,295485.0,0.009137519671049291,0.009108389839085114
1963,"Other vegetables, fresh n.e.c.",1885.0,295485.0,0.006379342437010339,0.006173464224268799
1963,"Peas, dry",11000.0,295485.0,0.03722693199316378,0.04048173261815606
1963,Potatoes,200.0,295485.0,0.0006768533089666142,0.0006746955436359342
1963,Sorghum,65000.0,295485.0,0.2199773254141496,0.21927605168167863
1963,Wheat,70000.0,295485.0,0.23689865813831498,0.236143440272577
1964,Barley,3500.0,298045.0,0.011743193141975205,0.013537066179332284
1964,"Beans, dry",8000.0,298045.0,0.026841584324514754,0.016921332724165357
1964,Maize (corn),135000.0,298045.0,0.4529517354761865,0.4568759835524646
1964,Oats,700.0,298045.0,0.002348638628395041,0.0023689865813831495
1964,"Other fruits, n.e.c.",2700.0,298045.0,0.00905903470952373,0.009137519671049291
1964,"Other vegetables, fresh n.e.c.",1945.0,298045.0,0.00652586018889765,0.006379342437010339
1964,"Peas, dry",11000.0,298045.0,0.036907178446207785,0.03722693199316378
1964,Potatoes,200.0,298045.0,0.0006710396081128689,0.0006768533089666142
1964,Sorghum,65000.0,298045.0,0.2180878726366824,0.2199773254141496
1964,Wheat,70000.0,298045.0,0.2348638628395041,0.23689865813831498
1965,Barley,3000.0,310485.0,0.009662302526692111,0.011743193141975205
1965,"Beans, dry",5700.0,310485.0,0.018358374800715012,0.026841584324514754
1965,Maize (corn),155000.0,310485.0,0.49921896387909237,0.4529517354761865
1965,Oats,700.0,310485.0,0.0022545372562281594,0.002348638628395041
1965,"Other fruits, n.e.c.",2700.0,310485.0,0.008696072274022899,0.00905903470952373
1965,"Other vegetables, fresh n.e.c.",1985.0,310485.0,0.00639322350516128,0.00652586018889765
1965,"Peas, dry",13200.0,310485.0,0.042514131117445286,0.036907178446207785
1965,Potatoes,200.0,310485.0,0.000644153501779474,0.0006710396081128689
1965,Sorghum,58200.0,310485.0,0.18744866901782695,0.2180878726366824
1965,Wheat,69800.0,310485.0,0.22480957212103644,0.2348638628395041
1966,Barley,2500.0,303855.0,0.008227608563294993,0.009662302526692111
1966,"Beans, dry",6300.0,303855.0,0.02073357357950338,0.018358374800715012
1966,Maize (corn),140000.0,303855.0,0.46074607954451957,0.49921896387909237
1966,Oats,700.0,303855.0,0.002303730397722598,0.0022545372562281594
1966,"Other fruits, n.e.c.",2800.0,303855.0,0.009214921590890391,0.008696072274022899
1966,"Other vegetables, fresh n.e.c.",2205.0,303855.0,0.0072567507528261835,0.00639322350516128
1966,"Peas, dry",12800.0,303855.0,0.042125355844070365,0.042514131117445286
1966,Potatoes,250.0,303855.0,0.0008227608563294992,0.000644153501779474
1966,Sorghum,65100.0,303855.0,0.2142469269882016,0.18744866901782695
1966,Wheat,71200.0,303855.0,0.2343222918826414,0.22480957212103644
1967,Barley,2500.0,316155.0,0.007907513719536303,0.008227608563294993
1967,"Beans, dry",7900.0,316155.0,0.02498774335373472,0.02073357357950338
1967,Maize (corn),148000.0,316155.0,0.46812481219654917,0.46074607954451957
1967,Oats,700.0,316155.0,0.002214103841470165,0.002303730397722598
1967,"Other fruits, n.e.c.",2800.0,316155.0,0.00885641536588066,0.009214921590890391
1967,"Other vegetables, fresh n.e.c.",2205.0,316155.0,0.006974427100631019,0.0072567507528261835
1967,"Peas, dry",12100.0,316155.0,0.038272366402555706,0.042125355844070365
1967,Potatoes,250.0,316155.0,0.0007907513719536303,0.0008227608563294992
1967,Sorghum,66300.0,316155.0,0.20970726384210275,0.2142469269882016
1967,Wheat,73400.0,316155.0,0.23216460280558587,0.2343222918826414
1968,Barley,2000.0,338138.0,0.005914744867480141,0.007907513719536303
1968,"Beans, dry",9323.0,338138.0,0.02757158319975868,0.02498774335373472
1968,Maize (corn),156477.0,338138.0,0.46276076631434504,0.46812481219654917
1968,Oats,700.0,338138.0,0.0020701607036180494,0.002214103841470165
1968,"Other fruits, n.e.c.",2800.0,338138.0,0.008280642814472198,0.00885641536588066
1968,"Other vegetables, fresh n.e.c.",2200.0,338138.0,0.006506219354228155,0.006974427100631019
1968,"Peas, dry",11126.0,338138.0,0.03290372569779203,0.038272366402555706
1968,Potatoes,250.0,338138.0,0.0007393431084350176,0.0007907513719536303
1968,Sorghum,70562.0,338138.0,0.20867811366956687,0.20970726384210275
1968,Wheat,82700.0,338138.0,0.24457470027030384,0.23216460280558587
1969,Barley,1419.0,339045.0,0.004185285139140822,0.005914744867480141
1969,"Beans, dry",12183.0,339045.0,0.03593328319249657,0.02757158319975868
1969,Maize (corn),142037.0,339045.0,0.41893259006916483,0.46276076631434504
1969,Oats,700.0,339045.0,0.0020646226902033653,0.0020701607036180494
1969,"Other fruits, n.e.c.",2800.0,339045.0,0.008258490760813461,0.008280642814472198
1969,"Other vegetables, fresh n.e.c.",2200.0,339045.0,0.006488814169210577,0.006506219354228155
1969,"Peas, dry",10485.0,339045.0,0.03092509843826041,0.03290372569779203
1969,Potatoes,250.0,339045.0,0.0007373652465012019,0.0007393431084350176
1969,Sorghum,71771.0,339045.0,0.21168576442655104,0.20867811366956687
1969,Wheat,95200.0,339045.0,0.2807886858676577,0.24457470027030384
1970,Barley,1216.0,335746.0,0.003621785516432065,0.004185285139140822
1970,"Beans, dry",16346.0,335746.0,0.048685613529275105,0.03593328319249657
1970,Maize (corn),129247.0,335746.0,0.38495469789662423,0.41893259006916483
1970,Oats,700.0,335746.0,0.002084909425577669,0.0020646226902033653
1970,"Other fruits, n.e.c.",3000.0,335746.0,0.00893532610961858,0.008258490760813461
1970,"Other vegetables, fresh n.e.c.",2450.0,335746.0,0.0072971829895218405,0.006488814169210577
1970,"Peas, dry",12195.0,335746.0,0.03632210063559953,0.03092509843826041
1970,Potatoes,300.0,335746.0,0.0008935326109618581,0.0007373652465012019
1970,Sorghum,82568.0,335746.0,0.24592400207299567,0.21168576442655104
1970,Wheat,87724.0,335746.0,0.26128084921339345,0.2807886858676577
1971,Barley,1007.0,351487.0,0.0028649708239565047,0.003621785516432065
1971,"Beans, dry",17000.0,351487.0,0.048365942410387865,0.048685613529275105
1971,Maize (corn),135000.0,351487.0,0.3840824838471978,0.38495469789662423
1971,Oats,700.0,351487.0,0.001991538805133618,0.002084909425577669
1971,"Other fruits, n.e.c.",3000.0,351487.0,0.008535166307715506,0.00893532610961858
1971,"Other vegetables, fresh n.e.c.",2450.0,351487.0,0.006970385817967663,0.0072971829895218405
1971,"Peas, dry",12000.0,351487.0,0.034140665230862025,0.03632210063559953
1971,Potatoes,300.0,351487.0,0.0008535166307715506,0.0008935326109618581
1971,Sorghum,85000.0,351487.0,0.24182971205193934,0.24592400207299567
1971,Wheat,95030.0,351487.0,0.27036561807406817,0.26128084921339345
1972,Barley,1000.0,303892.0,0.003290642728337699,0.0028649708239565047
1972,"Beans, dry",10000.0,303892.0,0.03290642728337699,0.048365942410387865
1972,Maize (corn),110000.0,303892.0,0.3619707001171469,0.3840824838471978
1972,Oats,700.0,303892.0,0.0023034499098363893,0.001991538805133618
1972,"Other fruits, n.e.c.",3000.0,303892.0,0.009871928185013097,0.008535166307715506
1972,"Other vegetables, fresh n.e.c.",2400.0,303892.0,0.007897542548010478,0.006970385817967663
1972,"Peas, dry",10000.0,303892.0,0.03290642728337699,0.034140665230862025
1972,Potatoes,300.0,303892.0,0.0009871928185013097,0.0008535166307715506
1972,Sorghum,60100.0,303892.0,0.19776762797309572,0.24182971205193934
1972,Wheat,106392.0,303892.0,0.35009806115330444,0.27036561807406817
1973,Barley,1000.0,285650.0,0.003500787677227376,0.003290642728337699
1973,"Beans, dry",14000.0,285650.0,0.049011027481183266,0.03290642728337699
1973,Maize (corn),115000.0,285650.0,0.40259058288114824,0.3619707001171469
1973,Oats,700.0,285650.0,0.0024505513740591634,0.0023034499098363893
1973,"Other fruits, n.e.c.",3000.0,285650.0,0.010502363031682128,0.009871928185013097
1973,"Other vegetables, fresh n.e.c.",2600.0,285650.0,0.009102047960791178,0.007897542548010478
1973,"Peas, dry",10000.0,285650.0,0.03500787677227376,0.03290642728337699
1973,Potatoes,350.0,285650.0,0.0012252756870295817,0.0009871928185013097
1973,Sorghum,64000.0,285650.0,0.22405041134255207,0.19776762797309572
1973,Wheat,75000.0,285650.0,0.26255907579205323,0.35009806115330444
1974,Barley,1000.0,327117.0,0.0030570101829009194,0.003500787677227376
1974,"Beans, dry",19700.0,327117.0,0.06022310060314811,0.049011027481183266
1974,Maize (corn),129708.0,327117.0,0.39651867680371244,0.40259058288114824
1974,Oats,700.0,327117.0,0.0021399071280306433,0.0024505513740591634
1974,"Other fruits, n.e.c.",3000.0,327117.0,0.009171030548702757,0.010502363031682128
1974,"Other vegetables, fresh n.e.c.",2600.0,327117.0,0.00794822647554239,0.009102047960791178
1974,"Peas, dry",10200.0,327117.0,0.031181503865589377,0.03500787677227376
1974,Potatoes,350.0,327117.0,0.0010699535640153216,0.0012252756870295817
1974,Sorghum,83267.0,327117.0,0.25454806689961085,0.22405041134255207
1974,Wheat,76592.0,327117.0,0.2341425239287472,0.26255907579205323
1975,Barley,1200.0,263651.0,0.004551471452791759,0.0030570101829009194
1975,"Beans, dry",28063.0,263651.0,0.10643995281641261,0.06022310060314811
1975,Maize (corn),107844.0,263651.0,0.4090407394623954,0.39651867680371244
1975,Oats,700.0,263651.0,0.002655025014128526,0.0021399071280306433
1975,"Other fruits, n.e.c.",3000.0,263651.0,0.011378678631979397,0.009171030548702757
1975,"Other vegetables, fresh n.e.c.",2600.0,263651.0,0.00986152148104881,0.00794822647554239
1975,"Peas, dry",9982.0,263651.0,0.03786065670147278,0.031181503865589377
1975,Potatoes,370.0,263651.0,0.0014033703646107922,0.0010699535640153216
1975,Sorghum,54774.0,263651.0,0.20775191446267982,0.25454806689961085
1975,Wheat,55118.0,263651.0,0.20905666961248012,0.2341425239287472
1976,Barley,1307.0,232715.0,0.005616311797692456,0.004551471452791759
1976,"Beans, dry",29656.0,232715.0,0.12743484519691467,0.10643995281641261
1976,Maize (corn),84827.0,232715.0,0.3645102378445738,0.4090407394623954
1976,Oats,700.0,232715.0,0.0030079711234772145,0.002655025014128526
1976,"Other fruits, n.e.c.",3000.0,232715.0,0.012891304814902348,0.011378678631979397
1976,"Other vegetables, fresh n.e.c.",2600.0,232715.0,0.011172464172915368,0.00986152148104881
1976,"Peas, dry",10134.0,232715.0,0.043546827664740134,0.03786065670147278
1976,Potatoes,380.0,232715.0,0.0016328986098876309,0.0014033703646107922
1976,Sorghum,44239.0,232715.0,0.190099477902155,0.20775191446267982
1976,Wheat,55872.0,232715.0,0.24008766087274133,0.20905666961248012
1977,Barley,1300.0,194638.0,0.006679065752833465,0.005616311797692456
1977,"Beans, dry",14642.0,194638.0,0.075226831348452,0.12743484519691467
1977,Maize (corn),80336.0,194638.0,0.41274571255356096,0.3645102378445738
1977,Oats,700.0,194638.0,0.003596420020756481,0.0030079711234772145
1977,"Other fruits, n.e.c.",3000.0,194638.0,0.01541322866038492,0.012891304814902348
1977,"Other vegetables, fresh n.e.c.",2800.0,194638.0,0.014385680083025924,0.011172464172915368
1977,"Peas, dry",7099.0,194638.0,0.03647283675335752,0.043546827664740134
1977,Potatoes,600.0,194638.0,0.003082645732076984,0.0016328986098876309
1977,Sorghum,42485.0,194638.0,0.21827700654548443,0.190099477902155
1977,Wheat,41676.0,194638.0,0.2141205725500673,0.24008766087274133
1978,Barley,1300.0,227587.0,0.00571210130631363,0.006679065752833465
1978,"Beans, dry",11066.0,227587.0,0.04862316388897433,0.075226831348452
1978,Maize (corn),101683.0,227587.0,0.44678738240760674,0.41274571255356096
1978,Oats,700.0,227587.0,0.0030757468572458007,0.003596420020756481
1978,"Other fruits, n.e.c.",3000.0,227587.0,0.013181772245339144,0.01541322866038492
1978,"Other vegetables, fresh n.e.c.",2800.0,227587.0,0.012302987428983203,0.014385680083025924
1978,"Peas, dry",4348.0,227587.0,0.0191047819075782,0.03647283675335752
1978,Potatoes,800.0,227587.0,0.003515139265423772,0.003082645732076984
1978,Sorghum,59280.0,227587.0,0.2604718195679015,0.21827700654548443
1978,Wheat,42610.0,227587.0,0.18722510512463367,0.2141205725500673
1979,Barley,1300.0,223478.0,0.0058171274129891985,0.00571210130631363
1979,"Beans, dry",10151.0,223478.0,0.04542281566865642,0.04862316388897433
1979,Maize (corn),112263.0,223478.0,0.5023447498187741,0.44678738240760674
1979,Oats,700.0,223478.0,0.003132299376224953,0.0030757468572458007
1979,"Other fruits, n.e.c.",3000.0,223478.0,0.013424140183821227,0.013181772245339144
1979,"Other vegetables, fresh n.e.c.",2800.0,223478.0,0.012529197504899812,0.012302987428983203
1979,"Peas, dry",5702.0,223478.0,0.025514815776049544,0.0191047819075782
1979,Potatoes,1000.0,223478.0,0.004474713394607075,0.003515139265423772
1979,Sorghum,51255.0,223478.0,0.22935143504058564,0.2604718195679015
1979,Wheat,35307.0,223478.0,0.157988705823392,0.18722510512463367
1980,Barley,1300.0,222543.0,0.0058415676970293385,0.0058171274129891985
1980,"Beans, dry",6919.0,222543.0,0.031090620689035377,0.04542281566865642
1980,Maize (corn),110357.0,222543.0,0.4958906818008205,0.5023447498187741
1980,Oats,700.0,222543.0,0.0031454595291696436,0.003132299376224953
1980,"Other fruits, n.e.c.",3000.0,222543.0,0.013480540839298472,0.013424140183821227
1980,"Other vegetables, fresh n.e.c.",2900.0,222543.0,0.013031189477988524,0.012529197504899812
1980,"Peas, dry",5882.0,222543.0,0.026430847072251205,0.025514815776049544
1980,Potatoes,1200.0,222543.0,0.005392216335719389,0.004474713394607075
1980,Sorghum,61333.0,222543.0,0.2756006704322311,0.22935143504058564
1980,Wheat,28952.0,222543.0,0.13009620612645645,0.157988705823392
1981,Barley,1300.0,226116.0,0.005749261441030267,0.0058415676970293385
1981,"Beans, dry",7374.0,226116.0,0.032611579897043996,0.031090620689035377
1981,Maize (corn),124812.0,226116.0,0.5519821684445152,0.4958906818008205
1981,Oats,700.0,226116.0,0.0030957561605547594,0.0031454595291696436
1981,"Other fruits, n.e.c.",3000.0,226116.0,0.013267526402377541,0.013480540839298472
1981,"Other vegetables, fresh n.e.c.",3100.0,226116.0,0.013709777282456792,0.013031189477988524
1981,"Peas, dry",4682.0,226116.0,0.020706186205310548,0.026430847072251205
1981,Potatoes,1200.0,226116.0,0.0053070105609510166,0.005392216335719389
1981,Sorghum,60016.0,226116.0,0.26542128818836347,0.2756006704322311
1981,Wheat,19932.0,226116.0,0.08814944541739637,0.13009620612645645
1982,Barley,1300.0,218752.0,0.005942802808660035,0.005749261441030267
1982,"Beans, dry",13552.0,218752.0,0.061951433586892916,0.032611579897043996
1982,Maize (corn),114282.0,218752.0,0.5224272235225278,0.5519821684445152
1982,Oats,700.0,218752.0,0.003199970743124634,0.0030957561605547594
1982,"Other fruits, n.e.c.",3000.0,218752.0,0.013714160327677005,0.013267526402377541
1982,"Other vegetables, fresh n.e.c.",3400.0,218752.0,0.015542715038033937,0.013709777282456792
1982,"Peas, dry",9180.0,218752.0,0.041965330602691635,0.020706186205310548
1982,Potatoes,1400.0,218752.0,0.006399941486249268,0.0053070105609510166
1982,Sorghum,48044.0,218752.0,0.21962770626097133,0.26542128818836347
1982,Wheat,23894.0,218752.0,0.10922871562317145,0.08814944541739637
1983,Barley,1300.0,202502.0,0.006419689682077214,0.005942802808660035
1983,"Beans, dry",4691.0,202502.0,0.02316520330663401,0.061951433586892916
1983,Maize (corn),103529.0,202502.0,0.5112492716121322,0.5224272235225278
1983,Oats,700.0,202502.0,0.0034567559826569616,0.003199970743124634
1983,"Other fruits, n.e.c.",3050.0,202502.0,0.015061579638719617,0.013714160327677005
1983,"Other vegetables, fresh n.e.c.",3500.0,202502.0,0.017283779913284808,0.015542715038033937
1983,"Peas, dry",8691.0,202502.0,0.04291809463610236,0.041965330602691635
1983,Potatoes,1500.0,202502.0,0.007407334248550631,0.006399941486249268
1983,Sorghum,46537.0,202502.0,0.22981007594986716,0.21962770626097133
1983,Wheat,29004.0,202502.0,0.14322821502997501,0.10922871562317145
1984,Barley,1300.0,227286.0,0.005719665971507264,0.006419689682077214
1984,"Beans, dry",8202.0,227286.0,0.03608669253715583,0.02316520330663401
1984,Maize (corn),116739.0,227286.0,0.5136216044982973,0.5112492716121322
1984,Oats,700.0,227286.0,0.0030798201385039115,0.0034567559826569616
1984,"Other fruits, n.e.c.",3050.0,227286.0,0.013419216317767043,0.015061579638719617
1984,"Other vegetables, fresh n.e.c.",3600.0,227286.0,0.015839074998020116,0.017283779913284808
1984,"Peas, dry",7900.0,227286.0,0.034757970134544146,0.04291809463610236
1984,Potatoes,1600.0,227286.0,0.00703958888800894,0.007407334248550631
1984,Sorghum,54682.0,227286.0,0.24058674973381555,0.22981007594986716
1984,Wheat,29513.0,227286.0,0.1298496167823799,0.14322821502997501
1985,Barley,1300.0,254977.0,0.005098499080309204,0.005719665971507264
1985,"Beans, dry",7280.0,254977.0,0.028551594849731545,0.03608669253715583
1985,Maize (corn),118061.0,254977.0,0.4630260768618346,0.5136216044982973
1985,Oats,700.0,254977.0,0.002745345658628033,0.0030798201385039115
1985,"Other fruits, n.e.c.",3050.0,254977.0,0.011961863226879288,0.013419216317767043
1985,"Other vegetables, fresh n.e.c.",3700.0,254977.0,0.01451111276703389,0.015839074998020116
1985,"Peas, dry",7257.0,254977.0,0.028461390635233765,0.034757970134544146
1985,Potatoes,1800.0,254977.0,0.007059460265043514,0.00703958888800894
1985,Sorghum,75559.0,254977.0,0.2963365323146794,0.24058674973381555
1985,Wheat,36270.0,254977.0,0.1422481243406268,0.1298496167823799
1986,Barley,1300.0,224160.0,0.0057994289793005,0.005098499080309204
1986,"Beans, dry",16943.0,224160.0,0.0755844039971449,0.028551594849731545
1986,Maize (corn),122008.0,224160.0,0.5442897930049965,0.4630260768618346
1986,Oats,700.0,224160.0,0.0031227694503925766,0.002745345658628033
1986,"Other fruits, n.e.c.",3050.0,224160.0,0.013606352605281941,0.011961863226879288
1986,"Other vegetables, fresh n.e.c.",3700.0,224160.0,0.01650606709493219,0.01451111276703389
1986,"Peas, dry",3502.0,224160.0,0.015622769450392577,0.028461390635233765
1986,Potatoes,2000.0,224160.0,0.008922198429693077,0.007059460265043514
1986,Sorghum,51929.0,224160.0,0.2316604211277659,0.2963365323146794
1986,Wheat,19028.0,224160.0,0.08488579586009992,0.1422481243406268
1987,Barley,1300.0,268665.0,0.004838739694414978,0.0057994289793005
1987,"Beans, dry",12878.0,268665.0,0.04793329983436622,0.0755844039971449
1987,Maize (corn),142422.0,268665.0,0.5301099882753615,0.5442897930049965
1987,Oats,700.0,268665.0,0.0026054752200696035,0.0031227694503925766
1987,"Other fruits, n.e.c.",3050.0,268665.0,0.011352427744588986,0.013606352605281941
1987,"Other vegetables, fresh n.e.c.",3700.0,268665.0,0.013771797591796475,0.01650606709493219
1987,"Peas, dry",3803.0,268665.0,0.014155174659892432,0.015622769450392577
1987,Potatoes,2300.0,268665.0,0.008560847151657268,0.008922198429693077
1987,Sorghum,70909.0,268665.0,0.26393091768559357,0.2316604211277659
1987,Wheat,27603.0,268665.0,0.10274133214225895,0.08488579586009992
1988,Barley,1300.0,319375.0,0.0040704500978473585,0.004838739694414978
1988,"Beans, dry",23323.0,319375.0,0.07302700587084149,0.04793329983436622
1988,Maize (corn),173214.0,319375.0,0.5423530332681018,0.5301099882753615
1988,Oats,700.0,319375.0,0.002191780821917808,0.0026054752200696035
1988,"Other fruits, n.e.c.",3050.0,319375.0,0.009549902152641879,0.011352427744588986
1988,"Other vegetables, fresh n.e.c.",3700.0,319375.0,0.011585127201565558,0.013771797591796475
1988,"Peas, dry",5329.0,319375.0,0.016685714285714286,0.014155174659892432
1988,Potatoes,2500.0,319375.0,0.007827788649706457,0.008560847151657268
1988,Sorghum,76355.0,319375.0,0.23907632093933465,0.26393091768559357
1988,Wheat,29904.0,319375.0,0.09363287671232877,0.10274133214225895
1989,Barley,1000.0,245911.0,0.004066511868114887,0.0040704500978473585
1989,"Beans, dry",17911.0,245911.0,0.07283529406980574,0.07302700587084149
1989,Maize (corn),130996.0,245911.0,0.5326967886755778,0.5423530332681018
1989,Oats,700.0,245911.0,0.002846558307680421,0.002191780821917808
1989,"Other fruits, n.e.c.",3050.0,245911.0,0.012402861197750406,0.009549902152641879
1989,"Other vegetables, fresh n.e.c.",3700.0,245911.0,0.015046093912025082,0.011585127201565558
1989,"Peas, dry",1505.0,245911.0,0.006120100361512905,0.016685714285714286
1989,Potatoes,2900.0,245911.0,0.011792884417533173,0.007827788649706457
1989,Sorghum,40499.0,245911.0,0.16468966414678482,0.23907632093933465
1989,Wheat,43650.0,245911.0,0.17750324304321483,0.09363287671232877
1990,Barley,260.0,258815.0,0.001004578559975272,0.004066511868114887
1990,"Beans, dry",4476.0,258815.0,0.017294206286343528,0.07283529406980574
1990,Maize (corn),155976.0,258815.0,0.60265440565655,0.5326967886755778
1990,Oats,756.0,258815.0,0.0029210053513127137,0.002846558307680421
1990,"Other fruits, n.e.c.",3055.0,258815.0,0.011803798079709445,0.012402861197750406
1990,"Other vegetables, fresh n.e.c.",3370.0,258815.0,0.01302088364275641,0.015046093912025082
1990,"Peas, dry",11859.0,258815.0,0.04582037362594904,0.006120100361512905
1990,Potatoes,2549.0,258815.0,0.009848733651449877,0.011792884417533173
1990,Sorghum,35663.0,258815.0,0.1377934045553774,0.16468966414678482
1990,Wheat,40851.0,258815.0,0.15783861059057627,0.17750324304321483
1991,Barley,1413.0,174434.0,0.008100484997190915,0.001004578559975272
1991,"Beans, dry",7345.0,174434.0,0.042107616634371736,0.017294206286343528
1991,Maize (corn),90461.0,174434.0,0.518597291812376,0.60265440565655
1991,Oats,698.0,174434.0,0.004001513466411364,0.0029210053513127137
1991,"Other fruits, n.e.c.",3955.0,174434.0,0.022673332033892477,0.011803798079709445
1991,"Other vegetables, fresh n.e.c.",3000.0,174434.0,0.01719848194732678,0.01302088364275641
1991,"Peas, dry",10828.0,174434.0,0.062075054175218136,0.04582037362594904
1991,Potatoes,3200.0,174434.0,0.0183450474104819,0.009848733651449877
1991,Sorghum,18601.0,174434.0,0.10663632090074182,0.1377934045553774
1991,Wheat,34933.0,174434.0,0.20026485662198884,0.15783861059057627
1992,Barley,1514.0,171796.0,0.008812777945935877,0.008100484997190915
1992,"Beans, dry",4466.0,171796.0,0.02599594868332208,0.042107616634371736
1992,Maize (corn),105454.0,171796.0,0.6138326852778877,0.518597291812376
1992,Oats,658.0,171796.0,0.0038301241006775478,0.004001513466411364
1992,"Other fruits, n.e.c.",3753.0,171796.0,0.02184567743137209,0.022673332033892477
1992,"Other vegetables, fresh n.e.c.",3129.0,171796.0,0.01821346247875387,0.01719848194732678
1992,"Peas, dry",3509.0,171796.0,0.020425388251181634,0.062075054175218136
1992,Potatoes,3700.0,171796.0,0.02153717199469138,0.0183450474104819
1992,Sorghum,31797.0,171796.0,0.18508579943654102,0.10663632090074182
1992,Wheat,13816.0,171796.0,0.08042096439963678,0.20026485662198884
1993,Barley,1500.0,174562.0,0.008592935461326062,0.008812777945935877
1993,"Beans, dry",4600.0,174562.0,0.02635166874806659,0.02599594868332208
1993,Maize (corn),103437.0,174562.0,0.5925516435421225,0.6138326852778877
1993,Oats,613.0,174562.0,0.0035116462918619172,0.0038301241006775478
1993,"Other fruits, n.e.c.",3440.0,174562.0,0.0197064653246411,0.02184567743137209
1993,"Other vegetables, fresh n.e.c.",3244.0,174562.0,0.01858365509102783,0.01821346247875387
1993,"Peas, dry",1710.0,174562.0,0.00979594642591171,0.020425388251181634
1993,Potatoes,4000.0,174562.0,0.022914494563536166,0.02153717199469138
1993,Sorghum,40930.0,174562.0,0.2344725656213838,0.18508579943654102
1993,Wheat,11088.0,174562.0,0.06351897893012225,0.08042096439963678
1994,Barley,1294.0,296854.0,0.0043590451871964,0.008592935461326062
1994,"Beans, dry",8366.0,296854.0,0.0281822040464336,0.02635166874806659
1994,Maize (corn),172743.0,296854.0,0.5819123205346736,0.5925516435421225
1994,Oats,515.0,296854.0,0.0017348595605920756,0.0035116462918619172
1994,"Other fruits, n.e.c.",3306.0,296854.0,0.011136787781198839,0.0197064653246411
1994,"Other vegetables, fresh n.e.c.",3901.0,296854.0,0.013141140089067353,0.01858365509102783
1994,"Peas, dry",4407.0,296854.0,0.014845681715590829,0.00979594642591171
1994,Potatoes,4500.0,296854.0,0.015158967034299689,0.022914494563536166
1994,Sorghum,69350.0,296854.0,0.233616525295263,0.2344725656213838
1994,Wheat,28472.0,296854.0,0.09591246875568461,0.06351897893012225
1995,Barley,1284.0,122624.0,0.010471033402922755,0.0043590451871964
1995,"Beans, dry",3635.0,122624.0,0.029643462943632567,0.0281822040464336
1995,Maize (corn),76955.0,122624.0,0.6275688282881002,0.5819123205346736
1995,Oats,600.0,122624.0,0.004893006263048017,0.0017348595605920756
1995,"Other fruits, n.e.c.",3090.0,122624.0,0.025198982254697286,0.011136787781198839
1995,"Other vegetables, fresh n.e.c.",2998.0,122624.0,0.024448721294363256,0.013141140089067353
1995,"Peas, dry",3743.0,122624.0,0.03052420407098121,0.014845681715590829
1995,Potatoes,4545.0,122624.0,0.037064522442588725,0.015158967034299689
1995,Sorghum,8579.0,122624.0,0.06996183455114822,0.233616525295263
1995,Wheat,17195.0,122624.0,0.14022540448851775,0.09591246875568461
1996,Barley,1639.0,243276.0,0.006737203834328088,0.010471033402922755
1996,"Beans, dry",10014.0,243276.0,0.04116312336605337,0.029643462943632567
1996,Maize (corn),150908.0,243276.0,0.6203160196649073,0.6275688282881002
1996,Oats,700.0,243276.0,0.0028773902892188295,0.004893006263048017
1996,"Other fruits, n.e.c.",3257.0,243276.0,0.013388085959979612,0.025198982254697286
1996,"Other vegetables, fresh n.e.c.",3447.0,243276.0,0.014169091895624722,0.024448721294363256
1996,"Peas, dry",4408.0,243276.0,0.01811933770696657,0.03052420407098121
1996,Potatoes,4663.0,243276.0,0.01916752988375343,0.037064522442588725
1996,Sorghum,42054.0,243276.0,0.17286538746115523,0.06996183455114822
1996,Wheat,22186.0,243276.0,0.09119682993801279,0.14022540448851775
1997,Barley,1354.0,232031.0,0.005835427162749805,0.006737203834328088
1997,"Beans, dry",13696.0,232031.0,0.05902659558421073,0.04116312336605337
1997,Maize (corn),144116.0,232031.0,0.6211066624718249,0.6203160196649073
1997,Oats,600.0,232031.0,0.002585861371971849,0.0028773902892188295
1997,"Other fruits, n.e.c.",3000.0,232031.0,0.012929306859859243,0.013388085959979612
1997,"Other vegetables, fresh n.e.c.",3293.0,232031.0,0.014192069163172163,0.014169091895624722
1997,"Peas, dry",4514.0,232031.0,0.019454297055134875,0.01811933770696657
1997,Potatoes,4700.0,232031.0,0.020255914080446146,0.01916752988375343
1997,Sorghum,36058.0,232031.0,0.15540164891760153,0.17286538746115523
1997,Wheat,20700.0,232031.0,0.08921221733302878,0.09119682993801279
1998,Barley,1100.0,152407.0,0.007217516255815021,0.005835427162749805
1998,"Beans, dry",7500.0,152407.0,0.049210338107829696,0.05902659558421073
1998,Maize (corn),90030.0,152407.0,0.5907208986463877,0.6211066624718249
1998,Oats,450.0,152407.0,0.0029526202864697815,0.002585861371971849
1998,"Other fruits, n.e.c.",2679.0,152407.0,0.017577932772116767,0.012929306859859243
1998,"Other vegetables, fresh n.e.c.",2700.0,152407.0,0.01771572171881869,0.014192069163172163
1998,"Peas, dry",7481.0,152407.0,0.04908567191795653,0.019454297055134875
1998,Potatoes,5000.0,152407.0,0.03280689207188646,0.020255914080446146
1998,Sorghum,15453.0,152407.0,0.1013929806373723,0.15540164891760153
1998,Wheat,20014.0,152407.0,0.13131942758534712,0.08921221733302878
1999,Barley,769.0,214400.0,0.0035867537313432835,0.007217516255815021
1999,"Beans, dry",11640.0,214400.0,0.0542910447761194,0.049210338107829696
1999,Maize (corn),132360.0,214400.0,0.6173507462686567,0.5907208986463877
1999,Oats,236.0,214400.0,0.0011007462686567163,0.0029526202864697815
1999,"Other fruits, n.e.c.",2913.0,214400.0,0.013586753731343283,0.017577932772116767
1999,"Other vegetables, fresh n.e.c.",2800.0,214400.0,0.013059701492537313,0.01771572171881869
1999,"Peas, dry",7535.0,214400.0,0.03514458955223881,0.04908567191795653
1999,Potatoes,5200.0,214400.0,0.024253731343283583,0.03280689207188646
1999,Sorghum,30067.0,214400.0,0.14023787313432837,0.1013929806373723
1999,Wheat,20880.0,214400.0,0.09738805970149254,0.13131942758534712
2000,Barley,800.0,239442.0,0.003341101394074557,0.0035867537313432835
2000,"Beans, dry",13426.0,239442.0,0.05607203414605625,0.0542910447761194
2000,Maize (corn),157680.0,239442.0,0.6585310847720951,0.6173507462686567
2000,Oats,240.0,239442.0,0.001002330418222367,0.0011007462686567163
2000,"Other fruits, n.e.c.",3100.0,239442.0,0.012946767902038907,0.013586753731343283
2000,"Other vegetables, fresh n.e.c.",2900.0,239442.0,0.012111492553520268,0.013059701492537313
2000,"Peas, dry",6421.0,239442.0,0.026816515064190912,0.03514458955223881
2000,Potatoes,5300.0,239442.0,0.02213479673574394,0.024253731343283583
2000,Sorghum,25831.0,239442.0,0.10787998763792485,0.14023787313432837
2000,Wheat,23744.0,239442.0,0.09916388937613284,0.09738805970149254
2001,Barley,1159.0,288090.0,0.00402304835294526,0.003341101394074557
2001,"Beans, dry",12368.0,288090.0,0.04293102849803881,0.05607203414605625
2001,Maize (corn),177485.0,288090.0,0.6160748377243223,0.6585310847720951
2001,Oats,234.0,288090.0,0.0008122461730709153,0.001002330418222367
2001,"Other fruits, n.e.c.",3200.0,288090.0,0.011107639973619354,0.012946767902038907
2001,"Other vegetables, fresh n.e.c.",3200.0,288090.0,0.011107639973619354,0.012111492553520268
2001,"Peas, dry",7814.0,288090.0,0.027123468360581764,0.026816515064190912
2001,Potatoes,5400.0,288090.0,0.01874414245548266,0.02213479673574394
2001,Sorghum,52490.0,288090.0,0.18220000694227498,0.10787998763792485
2001,Wheat,24740.0,288090.0,0.08587594154604464,0.09916388937613284
2002,Barley,1237.0,234332.0,0.0052788351569567965,0.00402304835294526
2002,"Beans, dry",7241.0,234332.0,0.03090060256388372,0.04293102849803881
2002,Maize (corn),137380.0,234332.0,0.5862622262431081,0.6160748377243223
2002,Oats,225.0,234332.0,0.0009601761603195467,0.0008122461730709153
2002,"Other fruits, n.e.c.",3300.0,234332.0,0.014082583684686683,0.011107639973619354
2002,"Other vegetables, fresh n.e.c.",3300.0,234332.0,0.014082583684686683,0.011107639973619354
2002,"Peas, dry",11307.0,234332.0,0.048252052643258284,0.027123468360581764
2002,Potatoes,5533.0,234332.0,0.023611798644658007,0.01874414245548266
2002,Sorghum,28210.0,234332.0,0.12038475325606404,0.18220000694227498
2002,Wheat,36599.0,234332.0,0.15618438796237816,0.08587594154604464
2003,Barley,1273.0,223868.0,0.005686386620687191,0.0052788351569567965
2003,"Beans, dry",11169.0,223868.0,0.04989100720067183,0.03090060256388372
2003,Maize (corn),127470.0,223868.0,0.5693980381296121,0.5862622262431081
2003,Oats,198.0,223868.0,0.0008844497650401129,0.0009601761603195467
2003,"Other fruits, n.e.c.",3400.0,223868.0,0.015187521217860525,0.014082583684686683
2003,"Other vegetables, fresh n.e.c.",3400.0,223868.0,0.015187521217860525,0.014082583684686683
2003,"Peas, dry",9076.0,223868.0,0.0405417478156771,0.048252052643258284
2003,Potatoes,5586.0,223868.0,0.024952203977343792,0.023611798644658007
2003,Sorghum,25204.0,223868.0,0.11258420140439902,0.12038475325606404
2003,Wheat,37092.0,223868.0,0.16568692265084783,0.15618438796237816
2004,Barley,1205.0,208114.0,0.005790095812871791,0.005686386620687191
2004,"Beans, dry",8570.0,208114.0,0.04117935362349481,0.04989100720067183
2004,Maize (corn),127620.0,208114.0,0.6132215997001643,0.5693980381296121
2004,Oats,175.0,208114.0,0.0008408852840270237,0.0008844497650401129
2004,"Other fruits, n.e.c.",3500.0,208114.0,0.016817705680540473,0.015187521217860525
2004,"Other vegetables, fresh n.e.c.",3500.0,208114.0,0.016817705680540473,0.015187521217860525
2004,"Peas, dry",3456.0,208114.0,0.01660628309484225,0.0405417478156771
2004,Potatoes,5561.0,208114.0,0.02672093179699588,0.024952203977343792
2004,Sorghum,29192.0,208114.0,0.14026927549323928,0.11258420140439902
2004,Wheat,25335.0,208114.0,0.12173616383328369,0.16568692265084783
2005,Barley,1342.0,188873.0,0.007105303563770364,0.005790095812871791
2005,"Beans, dry",8785.0,188873.0,0.04651273607132835,0.04117935362349481
2005,Maize (corn),112302.0,188873.0,0.5945900155130697,0.6132215997001643
2005,Oats,150.0,188873.0,0.0007941844519862554,0.0008408852840270237
2005,"Other fruits, n.e.c.",3600.0,188873.0,0.019060426847670127,0.016817705680540473
2005,"Other vegetables, fresh n.e.c.",3895.0,188873.0,0.02062232293657643,0.016817705680540473
2005,"Peas, dry",4447.0,188873.0,0.02354492171988585,0.01660628309484225
2005,Potatoes,5591.0,188873.0,0.029601901807034356,0.02672093179699588
2005,Sorghum,29689.0,188873.0,0.1571902813001329,0.14026927549323928
2005,Wheat,19072.0,188873.0,0.10097790578854575,0.12173616383328369
2006,Barley,1300.0,222913.0,0.0058318716270473235,0.007105303563770364
2006,"Beans, dry",27743.0,222913.0,0.12445662657628762,0.04651273607132835
2006,Maize (corn),123508.0,222913.0,0.5540636930102776,0.5945900155130697
2006,Oats,114.0,222913.0,0.000511410281141073,0.0007941844519862554
2006,"Other fruits, n.e.c.",3700.0,222913.0,0.01659840386159623,0.019060426847670127
2006,"Other vegetables, fresh n.e.c.",3700.0,222913.0,0.01659840386159623,0.02062232293657643
2006,"Peas, dry",4447.0,222913.0,0.019949487019599574,0.02354492171988585
2006,Potatoes,5635.0,222913.0,0.025278920475701284,0.029601901807034356
2006,Sorghum,34421.0,222913.0,0.15441450251891994,0.1571902813001329
2006,Wheat,18345.0,222913.0,0.0822966807678332,0.10097790578854575
2007,Barley,1792.0,211573.0,0.008469889825261258,0.0058318716270473235
2007,"Beans, dry",23038.0,211573.0,0.10888913046560761,0.12445662657628762
2007,Maize (corn),123661.0,211573.0,0.584483842456268,0.5540636930102776
2007,Oats,82.0,211573.0,0.0003875730835219995,0.000511410281141073
2007,"Other fruits, n.e.c.",3800.0,211573.0,0.017960703870531683,0.01659840386159623
2007,"Other vegetables, fresh n.e.c.",3800.0,211573.0,0.017960703870531683,0.01659840386159623
2007,"Peas, dry",1851.0,211573.0,0.008748753385356354,0.019949487019599574
2007,Potatoes,5600.0,211573.0,0.02646840570394143,0.025278920475701284
2007,Sorghum,32175.0,211573.0,0.1520751702721992,0.15441450251891994
2007,Wheat,15774.0,211573.0,0.07455582706678074,0.0822966807678332
2008,Barley,1637.0,222592.0,0.007354262507188039,0.008469889825261258
2008,"Beans, dry",12243.0,222592.0,0.055001976710753304,0.10888913046560761
2008,Maize (corn),137156.0,222592.0,0.6161766820011501,0.584483842456268
2008,Oats,34.0,222592.0,0.0001527458309373203,0.0003875730835219995
2008,"Other fruits, n.e.c.",4000.0,222592.0,0.0179700977573318,0.017960703870531683
2008,"Other vegetables, fresh n.e.c.",4000.0,222592.0,0.0179700977573318,0.017960703870531683
2008,"Peas, dry",1641.0,222592.0,0.007372232604945371,0.008748753385356354
2008,Potatoes,5800.0,222592.0,0.02605664174813111,0.02646840570394143
2008,Sorghum,35556.0,222592.0,0.15973619896492236,0.1520751702721992
2008,Wheat,20525.0,222592.0,0.0922090641173088,0.07455582706678074
2009,Barley,2847.0,207677.0,0.01370878816623892,0.007354262507188039
2009,"Beans, dry",7973.0,207677.0,0.03839134810306389,0.055001976710753304
2009,Maize (corn),137366.0,207677.0,0.6614406024740342,0.6161766820011501
2009,Oats,17.0,207677.0,8.185788508115969e-05,0.0001527458309373203
2009,"Other fruits, n.e.c.",3996.0,207677.0,0.01924141816378318,0.0179700977573318
2009,"Other vegetables, fresh n.e.c.",3668.0,207677.0,0.017662042498687865,0.0179700977573318
2009,"Peas, dry",2032.0,207677.0,0.00978442485205391,0.007372232604945371
2009,Potatoes,5700.0,207677.0,0.027446467350741778,0.02605664174813111
2009,Sorghum,17585.0,207677.0,0.08467475936189371,0.15973619896492236
2009,Wheat,26493.0,207677.0,0.1275682911444214,0.0922090641173088
2010,Barley,2094.0,232964.0,0.00898851324668189,0.01370878816623892
2010,"Beans, dry",26887.0,232964.0,0.11541268178774403,0.03839134810306389
2010,Maize (corn),141340.0,232964.0,0.6067031816074586,0.6614406024740342
2010,Oats,239.0,232964.0,0.0010259095825964526,8.185788508115969e-05
2010,"Other fruits, n.e.c.",3958.0,232964.0,0.016989749489191464,0.01924141816378318
2010,"Other vegetables, fresh n.e.c.",3500.0,232964.0,0.015023780498274412,0.017662042498687865
2010,"Peas, dry",2107.0,232964.0,0.009044315859961195,0.00978442485205391
2010,Potatoes,6000.0,232964.0,0.025755052282756135,0.027446467350741778
2010,Sorghum,33146.0,232964.0,0.14227949382737248,0.08467475936189371
2010,Wheat,13693.0,232964.0,0.05877732181796329,0.1275682911444214
2011,Barley,1478.0,189769.0,0.007788416443149302,0.00898851324668189
2011,"Beans, dry",17649.0,189769.0,0.09300254519969015,0.11541268178774403
2011,Maize (corn),115688.0,189769.0,0.6096253866543008,0.6067031816074586
2011,Oats,240.0,189769.0,0.0012646954982109828,0.0010259095825964526
2011,"Other fruits, n.e.c.",4011.0,189769.0,0.02113622351385105,0.016989749489191464
2011,"Other vegetables, fresh n.e.c.",3563.0,189769.0,0.018775458583857214,0.015023780498274412
2011,"Peas, dry",1340.0,189769.0,0.007061216531677988,0.009044315859961195
2011,Potatoes,6800.0,189769.0,0.03583303911597785,0.025755052282756135
2011,Sorghum,18864.0,189769.0,0.09940506615938326,0.14227949382737248
2011,Wheat,20136.0,189769.0,0.10610795229990146,0.05877732181796329
2012,Barley,1215.0,185798.0,0.006539359950053284,0.007788416443149302
2012,"Beans, dry",15079.0,185798.0,0.08115803184103165,0.09300254519969015
2012,Maize (corn),126854.0,185798.0,0.6827522362996372,0.6096253866543008
2012,Oats,250.0,185798.0,0.0013455473148257786,0.0012646954982109828
2012,"Other fruits, n.e.c.",4500.0,185798.0,0.024219851666864013,0.02113622351385105
2012,"Other vegetables, fresh n.e.c.",3300.0,185798.0,0.017761224555700277,0.018775458583857214
2012,"Peas, dry",1279.0,185798.0,0.006883820062648683,0.007061216531677988
2012,Potatoes,7000.0,185798.0,0.0376753248151218,0.03583303911597785
2012,Sorghum,14151.0,185798.0,0.07616336020839837,0.09940506615938326
2012,Wheat,12170.0,185798.0,0.0655012432857189,0.10610795229990146
2013,Barley,701.0,174827.0,0.00400967813896023,0.006539359950053284
2013,"Beans, dry",18855.0,174827.0,0.1078494740514909,0.08115803184103165
2013,Maize (corn),104926.0,174827.0,0.6001704542204579,0.6827522362996372
2013,Oats,250.0,174827.0,0.0014299850709558592,0.0013455473148257786
2013,"Other fruits, n.e.c.",3977.0,174827.0,0.02274820250876581,0.024219851666864013
2013,"Other vegetables, fresh n.e.c.",3628.0,174827.0,0.02075194334971143,0.017761224555700277
2013,"Peas, dry",1433.0,174827.0,0.008196674426718986,0.006883820062648683
2013,Potatoes,7200.0,174827.0,0.041183570043528746,0.0376753248151218
2013,Sorghum,22944.0,174827.0,0.13123830987204493,0.07616336020839837
2013,Wheat,10913.0,174827.0,0.06242170831736517,0.0655012432857189
2014,Barley,909.0,203715.0,0.004462116191738458,0.00400967813896023
2014,"Beans, dry",18065.0,203715.0,0.08867780968509928,0.1078494740514909
2014,Maize (corn),132727.0,203715.0,0.651532778636821,0.6001704542204579
2014,Oats,231.0,203715.0,0.0011339371180325456,0.0014299850709558592
2014,"Other fruits, n.e.c.",3955.0,203715.0,0.019414377929951158,0.02274820250876581
2014,"Other vegetables, fresh n.e.c.",3767.0,203715.0,0.01849152001570822,0.02075194334971143
2014,"Peas, dry",831.0,203715.0,0.004079228333701495,0.008196674426718986
2014,Potatoes,7689.0,203715.0,0.03774390692879759,0.041183570043528746
2014,Sorghum,21709.0,203715.0,0.10656554500159536,0.13123830987204493
2014,Wheat,13832.0,203715.0,0.06789878015855484,0.06242170831736517
2015,Barley,859.0,158503.0,0.005419455783171296,0.004462116191738458
2015,"Beans, dry",17294.0,158503.0,0.10910834495246147,0.08867780968509928
2015,Maize (corn),99884.0,158503.0,0.6301710377721558,0.651532778636821
2015,Oats,197.0,158503.0,0.0012428786836842206,0.0011339371180325456
2015,"Other fruits, n.e.c.",4030.0,158503.0,0.025425386270291415,0.019414377929951158
2015,"Other vegetables, fresh n.e.c.",3595.0,158503.0,0.022680958720024225,0.01849152001570822
2015,"Peas, dry",1071.0,158503.0,0.006756969899623351,0.004079228333701495
2015,Potatoes,7288.0,158503.0,0.04598020226746497,0.03774390692879759
2015,Sorghum,15968.0,158503.0,0.10074257269578493,0.10656554500159536
2015,Wheat,8317.0,158503.0,0.052472192955338386,0.06789878015855484
2016,Barley,862.0,73491.0,0.011729327400634091,0.005419455783171296
2016,"Beans, dry",3335.0,73491.0,0.04537970635860173,0.10910834495246147
2016,Maize (corn),40981.0,73491.0,0.5576329074308418,0.6301710377721558
2016,Oats,226.0,73491.0,0.003075206487869263,0.0012428786836842206
2016,"Other fruits, n.e.c.",4120.0,73491.0,0.05606128641602373,0.025425386270291415
2016,"Other vegetables, fresh n.e.c.",3515.0,73491.0,0.04782898586221442,0.022680958720024225
2016,"Peas, dry",1029.0,73491.0,0.01400171449565253,0.006756969899623351
2016,Potatoes,7024.0,73491.0,0.09557632907430842,0.04598020226746497
2016,Sorghum,4499.0,73491.0,0.06121838048196378,0.10074257269578493
2016,Wheat,7900.0,73491.0,0.10749615599189016,0.052472192955338386
2017,Barley,855.0,255905.0,0.0033410836052441334,0.011729327400634091
2017,"Beans, dry",21313.0,255905.0,0.0832848127234716,0.04537970635860173
2017,Maize (corn),165882.0,255905.0,0.648217111818839,0.5576329074308418
2017,Oats,218.0,255905.0,0.0008518786268341767,0.003075206487869263
2017,"Other fruits, n.e.c.",4216.0,255905.0,0.016474863718958208,0.05606128641602373
2017,"Other vegetables, fresh n.e.c.",3485.0,255905.0,0.01361833492897755,0.04782898586221442
2017,"Peas, dry",1459.0,255905.0,0.005701334479592036,0.01400171449565253
2017,Potatoes,7275.0,255905.0,0.02842851839549833,0.09557632907430842
2017,Sorghum,44359.0,255905.0,0.1733416697602626,0.06121838048196378
2017,Wheat,6843.0,255905.0,0.026740391942322347,0.10749615599189016
2018,Barley,859.0,259758.0,0.0033069241370814375,0.0033410836052441334
2018,"Beans, dry",22841.0,259758.0,0.08793184425503738,0.0832848127234716
2018,Maize (corn),126564.0,259758.0,0.48723812163629227,0.648217111818839
2018,Oats,215.0,259758.0,0.000827693468536099,0.0008518786268341767
2018,"Other fruits, n.e.c.",4285.0,259758.0,0.0164961233147776,0.016474863718958208
2018,"Other vegetables, fresh n.e.c.",3452.0,259758.0,0.013289292341333086,0.01361833492897755
2018,"Peas, dry",1221.0,259758.0,0.0047005289538724505,0.005701334479592036
2018,Potatoes,7469.0,259758.0,0.02875368612323778,0.02842851839549833
2018,Sorghum,85425.0,259758.0,0.3288637886032384,0.1733416697602626
2018,Wheat,7427.0,259758.0,0.02859199716659352,0.026740391942322347
2019,Barley,822.0,67354.0,0.012204174956201562,0.0033069241370814375
2019,"Beans, dry",2279.0,67354.0,0.03383614930070968,0.08793184425503738
2019,Maize (corn),32026.0,67354.0,0.4754877215904029,0.48723812163629227
2019,Oats,218.0,67354.0,0.0032366303411824095,0.000827693468536099
2019,"Other fruits, n.e.c.",4367.0,67354.0,0.06483653532084212,0.0164961233147776
2019,"Other vegetables, fresh n.e.c.",3432.0,67354.0,0.050954657481367106,0.013289292341333086
2019,"Peas, dry",243.0,67354.0,0.0036078035454464473,0.0047005289538724505
2019,Potatoes,7256.0,67354.0,0.10772931080559432,0.02875368612323778
2019,Sorghum,14419.0,67354.0,0.21407785729132642,0.3288637886032384
2019,Wheat,2292.0,67354.0,0.034029159366926985,0.02859199716659352
2020,Barley,845.0,90888.0,0.009297156940410176,0.012204174956201562
2020,"Beans, dry",8558.0,90888.0,0.0941598450840595,0.03383614930070968
2020,Maize (corn),47669.0,90888.0,0.5244806795176481,0.4754877215904029
2020,Oats,217.0,90888.0,0.002387553912507702,0.0032366303411824095
2020,"Other fruits, n.e.c.",4370.0,90888.0,0.04808115482792008,0.06483653532084212
2020,"Other vegetables, fresh n.e.c.",3530.0,90888.0,0.038839010650470907,0.050954657481367106
2020,"Peas, dry",1770.0,90888.0,0.01947451808819646,0.0036078035454464473
2020,Potatoes,7333.0,90888.0,0.0806817181586128,0.10772931080559432
2020,Sorghum,13721.0,90888.0,0.15096602411759527,0.21407785729132642
2020,Wheat,2875.0,90888.0,0.031632338702579,0.034029159366926985
2021,Barley,842.0,157341.0,0.005351434146217451,0.009297156940410176
2021,"Beans, dry",40058.0,157341.0,0.25459352616292,0.0941598450840595
2021,Maize (corn),86379.0,157341.0,0.5489923160523957,0.5244806795176481
2021,Oats,217.0,157341.0,0.0013791700828137611,0.002387553912507702
2021,"Other fruits, n.e.c.",4404.0,157341.0,0.027990161496367762,0.04808115482792008
2021,"Other vegetables, fresh n.e.c.",3508.0,157341.0,0.022295523735072233,0.038839010650470907
2021,"Peas, dry",923.0,157341.0,0.005866239568834569,0.01947451808819646
2021,Potatoes,7353.0,157341.0,0.046732892253131736,0.0806817181586128
2021,Sorghum,8466.0,157341.0,0.05380670009724103,0.15096602411759527
2021,Wheat,5191.0,157341.0,0.03299203640500569,0.031632338702579
2022,Barley,837.0,149453.0,0.005600422875419028,0.005351434146217451
2022,"Beans, dry",19766.0,149453.0,0.13225562551437575,0.25459352616292
2022,Maize (corn),89602.0,149453.0,0.5995329635403772,0.5489923160523957
2022,Oats,217.0,149453.0,0.001451961486219748,0.0013791700828137611
2022,"Other fruits, n.e.c.",4380.0,149453.0,0.02930687239466588,0.027990161496367762
2022,"Other vegetables, fresh n.e.c.",3510.0,149453.0,0.023485644316273344,0.022295523735072233
2022,"Peas, dry",1371.0,149453.0,0.009173452523535828,0.005866239568834569
2022,Potatoes,7314.0,149453.0,0.04893846225903796,0.046732892253131736
2022,Sorghum,15420.0,149453.0,0.10317624938944016,0.05380670009724103
2022,Wheat,7036.0,149453.0,0.047078345700655055,0.03299203640500569
2023,Barley,841.0,213938.0,0.003931045443072292,0.005600422875419028
2023,"Beans, dry",19827.0,213938.0,0.0926763828772822,0.13225562551437575
2023,Maize (corn),149271.0,213938.0,0.6977301835111107,0.5995329635403772
2023,Oats,217.0,213938.0,0.0010143125578438612,0.001451961486219748
2023,"Other fruits, n.e.c.",4385.0,213938.0,0.020496592470715815,0.02930687239466588
2023,"Other vegetables, fresh n.e.c.",3506.0,213938.0,0.016387925473735382,0.023485644316273344
2023,"Peas, dry",953.0,213938.0,0.004454561601959446,0.009173452523535828
2023,Potatoes,7334.0,213938.0,0.03428095990427133,0.04893846225903796
2023,Sorghum,16965.0,213938.0,0.07929867531714796,0.10317624938944016
2023,Wheat,10639.0,213938.0,0.04972936084286102,0.047078345700655055
