Year,Item,Area,Yield,Yield_Unit,Flag,Flag_Description,Area_ha,total_area,area_share,prev_area_share,ET,LST_Day_1km,NDVI,precipitation,rel_humidity,surface_solar_radiation_downwards,soil_ph,soil_soc,soil_nitrogen,soil_cec
1961,Barley,Lesotho,842.0,kg/ha,A,Official figure,3885.0,297595.0,0.0130546548161091,,,,,,,,,,,
1962,Barley,Lesotho,700.0,kg/ha,E,Estimated value,4000.0,296430.0,0.0134939108727186,0.0130546548161091,,,,,,,,,,
1963,Barley,Lesotho,600.0,kg/ha,E,Estimated value,4000.0,295485.0,0.0135370661793322,0.0134939108727186,,,,,,,,,,
1964,Barley,Lesotho,571.4,kg/ha,E,Estimated value,3500.0,298045.0,0.0117431931419752,0.0135370661793322,,,,,,,,,,
1965,Barley,Lesotho,600.0,kg/ha,E,Estimated value,3000.0,310485.0,0.0096623025266921,0.0117431931419752,,,,,,,,,,
1966,Barley,Lesotho,640.0,kg/ha,E,Estimated value,2500.0,303855.0,0.0082276085632949,0.0096623025266921,,,,,,,,,,
1967,Barley,Lesotho,520.0,kg/ha,E,Estimated value,2500.0,316155.0,0.0079075137195363,0.0082276085632949,,,,,,,,,,
1968,Barley,Lesotho,500.0,kg/ha,E,Estimated value,2000.0,338138.0,0.0059147448674801,0.0079075137195363,,,,,,,,,,
1969,Barley,Lesotho,582.8,kg/ha,A,Official figure,1419.0,339045.0,0.0041852851391408,0.0059147448674801,,,,,,,,,,
1970,Barley,Lesotho,471.2,kg/ha,A,Official figure,1216.0,335746.0,0.003621785516432,0.0041852851391408,,,,,,,,,,
1971,Barley,Lesotho,348.6,kg/ha,A,Official figure,1007.0,351487.0,0.0028649708239565,0.003621785516432,,,,,,,,,,
1972,Barley,Lesotho,350.0,kg/ha,E,Estimated value,1000.0,303892.0,0.0032906427283376,0.0028649708239565,,,,,,,,,,
1973,Barley,Lesotho,350.0,kg/ha,E,Estimated value,1000.0,285650.0,0.0035007876772273,0.0032906427283376,,,,,,,,,,
1974,Barley,Lesotho,350.0,kg/ha,E,Estimated value,1000.0,327117.0,0.0030570101829009,0.0035007876772273,,,,,,,,,,
1975,Barley,Lesotho,291.7,kg/ha,E,Estimated value,1200.0,263651.0,0.0045514714527917,0.0030570101829009,,,,,,,,,,
1976,Barley,Lesotho,267.8,kg/ha,E,Estimated value,1307.0,232715.0,0.0056163117976924,0.0045514714527917,,,,,,,,,,
1977,Barley,Lesotho,307.7,kg/ha,E,Estimated value,1300.0,194638.0,0.0066790657528334,0.0056163117976924,,,,,,,,,,
1978,Barley,Lesotho,307.7,kg/ha,E,Estimated value,1300.0,227587.0,0.0057121013063136,0.0066790657528334,,,,,,,,,,
1979,Barley,Lesotho,307.7,kg/ha,E,Estimated value,1300.0,223478.0,0.0058171274129891,0.0057121013063136,,,,,,,,,,
1980,Barley,Lesotho,307.7,kg/ha,E,Estimated value,1300.0,222543.0,0.0058415676970293,0.0058171274129891,,,,,,,,,,
1981,Barley,Lesotho,307.7,kg/ha,E,Estimated value,1300.0,226116.0,0.0057492614410302,0.0058415676970293,,,,,,,,,,
1982,Barley,Lesotho,307.7,kg/ha,E,Estimated value,1300.0,218752.0,0.00594280280866,0.0057492614410302,,,,,,,,,,
1983,Barley,Lesotho,307.7,kg/ha,E,Estimated value,1300.0,202502.0,0.0064196896820772,0.00594280280866,,,,,,,,,,
1984,Barley,Lesotho,307.7,kg/ha,E,Estimated value,1300.0,227286.0,0.0057196659715072,0.0064196896820772,,,,,,,,,,
1985,Barley,Lesotho,384.6,kg/ha,E,Estimated value,1300.0,254977.0,0.0050984990803092,0.0057196659715072,,,,,,,,,,
1986,Barley,Lesotho,384.6,kg/ha,E,Estimated value,1300.0,224160.0,0.0057994289793005,0.0050984990803092,,,,,,,,,,
1987,Barley,Lesotho,384.6,kg/ha,E,Estimated value,1300.0,268665.0,0.0048387396944149,0.0057994289793005,,,,,,,,,,
1988,Barley,Lesotho,384.6,kg/ha,E,Estimated value,1300.0,319375.0,0.0040704500978473,0.0048387396944149,,,,,,,,,,
1989,Barley,Lesotho,300.0,kg/ha,E,Estimated value,1000.0,245911.0,0.0040665118681148,0.0040704500978473,,,,,,,,,,
1990,Barley,Lesotho,384.6,kg/ha,E,Estimated value,260.0,258815.0,0.0010045785599752,0.0040665118681148,,,,,,,,,,
1991,Barley,Lesotho,353.9,kg/ha,E,Estimated value,1413.0,174434.0,0.0081004849971909,0.0010045785599752,,,,,,,,,,
1992,Barley,Lesotho,333.2,kg/ha,E,Estimated value,1514.0,171796.0,0.0088127779459358,0.0081004849971909,,,,,,,,,,
1993,Barley,Lesotho,325.4,kg/ha,E,Estimated value,1500.0,174562.0,0.008592935461326,0.0088127779459358,,,,,,,,,,
1994,Barley,Lesotho,318.3,kg/ha,E,Estimated value,1294.0,296854.0,0.0043590451871964,0.008592935461326,,,,,,,,,,
1995,Barley,Lesotho,311.5,kg/ha,E,Estimated value,1284.0,122624.0,0.0104710334029227,0.0043590451871964,,,,,,,,,,
1996,Barley,Lesotho,305.0,kg/ha,E,Estimated value,1639.0,243276.0,0.006737203834328,0.0104710334029227,,,,,,,,,,
1997,Barley,Lesotho,298.3,kg/ha,E,Estimated value,1354.0,232031.0,0.0058354271627498,0.006737203834328,,,,,,,,,,
1998,Barley,Lesotho,272.7,kg/ha,E,Estimated value,1100.0,152407.0,0.007217516255815,0.0058354271627498,,,,,,,,,,
1999,Barley,Lesotho,260.1,kg/ha,E,Estimated value,769.0,214400.0,0.0035867537313432,0.007217516255815,,,,,,,,,,
2000,Barley,Lesotho,277.3,kg/ha,E,Estimated value,800.0,239442.0,0.0033411013940745,0.0035867537313432,-9999.0,21.42132314258884,0.3933990380864417,2.095530065328809,63.62415747852148,11777188.359269124,62.50075137505385,356.2606440187503,2795.968280862523,221.19789449283704
2001,Barley,Lesotho,274.5,kg/ha,E,Estimated value,1159.0,288090.0,0.0040230483529452,0.0033411013940745,-9999.0,23.14671593036056,0.3965871963643983,2.371527659909968,63.84330348125052,11742026.313347068,62.50075137505385,356.2606440187503,2795.968280862523,221.19789449283704
2002,Barley,Lesotho,272.1,kg/ha,E,Estimated value,1237.0,234332.0,0.0052788351569567,0.0040230483529452,-9999.0,22.511321068560857,0.3895387769613709,1.91484927947351,62.42560041462703,12211718.768349102,62.50075137505385,356.2606440187503,2795.968280862523,221.19789449283704
2003,Barley,Lesotho,269.8,kg/ha,E,Estimated value,1273.0,223868.0,0.0056863866206871,0.0052788351569567,-9999.0,24.0942428039822,0.3791303619769131,1.588012810720998,56.06455760586465,12374496.76962759,62.50075137505385,356.2606440187503,2795.968280862523,221.19789449283704
2004,Barley,Lesotho,268.8,kg/ha,E,Estimated value,1205.0,208114.0,0.0057900958128717,0.0056863866206871,-9999.0,23.408622019732125,0.3914742034048706,2.051693781947938,60.03788654622928,12068751.069653576,62.50075137505385,356.2606440187503,2795.968280862523,221.19789449283704
2005,Barley,Lesotho,267.9,kg/ha,E,Estimated value,1342.0,188873.0,0.0071053035637703,0.0057900958128717,-9999.0,23.64258061674836,0.3902454204174054,1.9082637999407448,56.92086955200378,12151570.28959807,62.50075137505385,356.2606440187503,2795.968280862523,221.19789449283704
2006,Barley,Lesotho,253.8,kg/ha,E,Estimated value,1300.0,222913.0,0.0058318716270473,0.0071053035637703,-9999.0,21.787814852522462,0.4146103992763351,2.460054446856231,64.35689629191086,11548103.75143518,62.50075137505385,356.2606440187503,2795.968280862523,221.19789449283704
2007,Barley,Lesotho,251.1,kg/ha,E,Estimated value,1792.0,211573.0,0.0084698898252612,0.0058318716270473,-9999.0,23.913434415214503,0.3621127122190189,1.9003915492622687,52.50316525632471,12457479.685319709,62.50075137505385,356.2606440187503,2795.968280862523,221.19789449283704
2008,Barley,Lesotho,250.5,kg/ha,E,Estimated value,1637.0,222592.0,0.007354262507188,0.0084698898252612,-9999.0,23.438826700808484,0.3877846403640074,1.9674013956265943,55.550928479871615,12267863.688627211,62.50075137505385,356.2606440187503,2795.968280862523,221.19789449283704
2009,Barley,Lesotho,252.9,kg/ha,E,Estimated value,2847.0,207677.0,0.0137087881662389,0.007354262507188,-9999.0,22.65881062062681,0.3952122302892322,2.0060733240442943,57.59848224460284,11948825.237700006,62.50075137505385,356.2606440187503,2795.968280862523,221.19789449283704
2010,Barley,Lesotho,320.4,kg/ha,A,Official figure,2094.0,232964.0,0.0089885132466818,0.0137087881662389,-9999.0,23.776155767872872,0.3885760206961814,2.148128908488684,54.62567787016801,12121151.578453382,62.50075137505385,356.2606440187503,2795.968280862523,221.19789449283704
2011,Barley,Lesotho,320.7,kg/ha,E,Estimated value,1478.0,189769.0,0.0077884164431493,0.0089885132466818,-9999.0,22.27017452692317,0.3976950184574155,2.0153852774568417,58.265276598209816,12038699.294449894,62.50075137505385,356.2606440187503,2795.968280862523,221.19789449283704
2012,Barley,Lesotho,332.0,kg/ha,E,Estimated value,1215.0,185798.0,0.0065393599500532,0.0077884164431493,-9999.0,23.019823258276656,0.3896746690167666,2.0066639603304823,55.27185906828694,12262665.53543197,62.50075137505385,356.2606440187503,2795.968280862523,221.19789449283704
2013,Barley,Lesotho,399.4,kg/ha,A,Official figure,701.0,174827.0,0.0040096781389602,0.0065393599500532,-9999.0,24.400811637312906,0.3754118432943845,1.8129881882144705,48.517745069059934,12427983.4840825,62.50075137505385,356.2606440187503,2795.968280862523,221.19789449283704
2014,Barley,Lesotho,350.1,kg/ha,E,Estimated value,909.0,203715.0,0.0044621161917384,0.0040096781389602,-9999.0,23.53873714269873,0.3885781578909378,1.8786540449436864,52.05705036387174,12253229.800537225,62.50075137505385,356.2606440187503,2795.968280862523,221.19789449283704
2015,Barley,Lesotho,354.2,kg/ha,E,Estimated value,859.0,158503.0,0.0054194557831712,0.0044621161917384,-9999.0,25.473415526945264,0.3704916315427618,1.5508096459039835,49.32780627474044,12649874.72109842,62.50075137505385,356.2606440187503,2795.968280862523,221.19789449283704
2016,Barley,Lesotho,354.3,kg/ha,E,Estimated value,862.0,73491.0,0.011729327400634,0.0054194557831712,-9999.0,24.66946959932828,0.3785982193602492,1.7886575687959123,53.95982130426683,12318525.56790794,62.50075137505385,356.2606440187503,2795.968280862523,221.19789449283704
2017,Barley,Lesotho,356.7,kg/ha,E,Estimated value,855.0,255905.0,0.0033410836052441,0.011729327400634,-9999.0,24.2192017583744,0.385774414409147,1.869037051331582,52.5224177135142,12185854.775536738,62.50075137505385,356.2606440187503,2795.968280862523,221.19789449283704
2018,Barley,Lesotho,355.1,kg/ha,E,Estimated value,859.0,259758.0,0.0033069241370814,0.0033410836052441,-9999.0,24.37208776488083,0.3849501455689283,2.0483388481555584,52.27877203525688,12491235.435401872,62.50075137505385,356.2606440187503,2795.968280862523,221.19789449283704
2019,Barley,Lesotho,354.6,kg/ha,E,Estimated value,822.0,67354.0,0.0122041749562015,0.0033069241370814,-9999.0,26.083097589410176,0.3714629904420837,1.895001781267572,45.52129466725185,12642571.25548139,62.50075137505385,356.2606440187503,2795.968280862523,221.19789449283704
2020,Barley,Lesotho,355.5,kg/ha,E,Estimated value,845.0,90888.0,0.0092971569404101,0.0122041749562015,-9999.0,23.296985001007645,0.4068825894538868,2.1400281023535643,53.909134240217725,12146057.38512687,62.50075137505385,356.2606440187503,2795.968280862523,221.19789449283704
2021,Barley,Lesotho,355.1,kg/ha,E,Estimated value,842.0,157341.0,0.0053514341462174,0.0092971569404101,7.905099911796773,22.10291244910049,0.4082699635073734,1.922727977986128,56.56448148694974,11883193.85983266,62.50075137505385,356.2606440187503,2795.968280862523,221.19789449283704
2022,Barley,Lesotho,355.0,kg/ha,E,Estimated value,837.0,149453.0,0.005600422875419,0.0053514341462174,8.474896571905738,20.59081065129222,0.4291711964726186,2.634098822237009,61.20155727214621,11683169.196492258,62.50075137505385,356.2606440187503,2795.968280862523,221.19789449283704
2023,Barley,Lesotho,355.2,kg/ha,E,Estimated value,841.0,213938.0,0.0039310454430722,0.005600422875419,7.622949779346055,21.352765329386106,0.4239557895572053,2.1654318455862853,57.41139400678172,12070132.284950756,62.50075137505385,356.2606440187503,2795.968280862523,221.19789449283704
1961,"Beans, dry",Lesotho,280.0,kg/ha,E,Estimated value,5000.0,297595.0,0.01680135754969,,,,,,,,,,,
1962,"Beans, dry",Lesotho,280.0,kg/ha,E,Estimated value,5000.0,296430.0,0.0168673885908983,0.01680135754969,,,,,,,,,,
1963,"Beans, dry",Lesotho,320.0,kg/ha,E,Estimated value,5000.0,295485.0,0.0169213327241653,0.0168673885908983,,,,,,,,,,
1964,"Beans, dry",Lesotho,200.0,kg/ha,E,Estimated value,8000.0,298045.0,0.0268415843245147,0.0169213327241653,,,,,,,,,,
1965,"Beans, dry",Lesotho,229.6,kg/ha,A,Official figure,5700.0,310485.0,0.018358374800715,0.0268415843245147,,,,,,,,,,
1966,"Beans, dry",Lesotho,333.7,kg/ha,A,Official figure,6300.0,303855.0,0.0207335735795033,0.018358374800715,,,,,,,,,,
1967,"Beans, dry",Lesotho,258.2,kg/ha,A,Official figure,7900.0,316155.0,0.0249877433537347,0.0207335735795033,,,,,,,,,,
1968,"Beans, dry",Lesotho,254.6,kg/ha,A,Official figure,9323.0,338138.0,0.0275715831997586,0.0249877433537347,,,,,,,,,,
1969,"Beans, dry",Lesotho,257.0,kg/ha,A,Official figure,12183.0,339045.0,0.0359332831924965,0.0275715831997586,,,,,,,,,,
1970,"Beans, dry",Lesotho,226.1,kg/ha,A,Official figure,16346.0,335746.0,0.0486856135292751,0.0359332831924965,,,,,,,,,,
1971,"Beans, dry",Lesotho,235.3,kg/ha,A,Official figure,17000.0,351487.0,0.0483659424103878,0.0486856135292751,,,,,,,,,,
1972,"Beans, dry",Lesotho,200.0,kg/ha,A,Official figure,10000.0,303892.0,0.0329064272833769,0.0483659424103878,,,,,,,,,,
1973,"Beans, dry",Lesotho,285.7,kg/ha,A,Official figure,14000.0,285650.0,0.0490110274811832,0.0329064272833769,,,,,,,,,,
1974,"Beans, dry",Lesotho,380.7,kg/ha,A,Official figure,19700.0,327117.0,0.0602231006031481,0.0490110274811832,,,,,,,,,,
1975,"Beans, dry",Lesotho,476.9,kg/ha,A,Official figure,28063.0,263651.0,0.1064399528164126,0.0602231006031481,,,,,,,,,,
1976,"Beans, dry",Lesotho,291.7,kg/ha,A,Official figure,29656.0,232715.0,0.1274348451969146,0.1064399528164126,,,,,,,,,,
1977,"Beans, dry",Lesotho,1425.0,kg/ha,A,Official figure,14642.0,194638.0,0.075226831348452,0.1274348451969146,,,,,,,,,,
1978,"Beans, dry",Lesotho,974.4,kg/ha,A,Official figure,11066.0,227587.0,0.0486231638889743,0.075226831348452,,,,,,,,,,
1979,"Beans, dry",Lesotho,822.6,kg/ha,A,Official figure,10151.0,223478.0,0.0454228156686564,0.0486231638889743,,,,,,,,,,
1980,"Beans, dry",Lesotho,518.1,kg/ha,A,Official figure,6919.0,222543.0,0.0310906206890353,0.0454228156686564,,,,,,,,,,
1981,"Beans, dry",Lesotho,476.9,kg/ha,A,Official figure,7374.0,226116.0,0.0326115798970439,0.0310906206890353,,,,,,,,,,
1982,"Beans, dry",Lesotho,361.4,kg/ha,A,Official figure,13552.0,218752.0,0.0619514335868929,0.0326115798970439,,,,,,,,,,
1983,"Beans, dry",Lesotho,346.2,kg/ha,A,Official figure,4691.0,202502.0,0.023165203306634,0.0619514335868929,,,,,,,,,,
1984,"Beans, dry",Lesotho,163.1,kg/ha,A,Official figure,8202.0,227286.0,0.0360866925371558,0.023165203306634,,,,,,,,,,
1985,"Beans, dry",Lesotho,340.4,kg/ha,A,Official figure,7280.0,254977.0,0.0285515948497315,0.0360866925371558,,,,,,,,,,
1986,"Beans, dry",Lesotho,223.0,kg/ha,A,Official figure,16943.0,224160.0,0.0755844039971449,0.0285515948497315,,,,,,,,,,
1987,"Beans, dry",Lesotho,259.7,kg/ha,A,Official figure,12878.0,268665.0,0.0479332998343662,0.0755844039971449,,,,,,,,,,
1988,"Beans, dry",Lesotho,318.0,kg/ha,A,Official figure,23323.0,319375.0,0.0730270058708414,0.0479332998343662,,,,,,,,,,
1989,"Beans, dry",Lesotho,541.9,kg/ha,A,Official figure,17911.0,245911.0,0.0728352940698057,0.0730270058708414,,,,,,,,,,
1990,"Beans, dry",Lesotho,1884.9,kg/ha,A,Official figure,4476.0,258815.0,0.0172942062863435,0.0728352940698057,,,,,,,,,,
1991,"Beans, dry",Lesotho,335.6,kg/ha,A,Official figure,7345.0,174434.0,0.0421076166343717,0.0172942062863435,,,,,,,,,,
1992,"Beans, dry",Lesotho,291.8,kg/ha,A,Official figure,4466.0,171796.0,0.025995948683322,0.0421076166343717,,,,,,,,,,
1993,"Beans, dry",Lesotho,347.6,kg/ha,A,Official figure,4600.0,174562.0,0.0263516687480665,0.025995948683322,,,,,,,,,,
1994,"Beans, dry",Lesotho,321.3,kg/ha,A,Official figure,8366.0,296854.0,0.0281822040464336,0.0263516687480665,,,,,,,,,,
1995,"Beans, dry",Lesotho,1238.0,kg/ha,A,Official figure,3635.0,122624.0,0.0296434629436325,0.0281822040464336,,,,,,,,,,
1996,"Beans, dry",Lesotho,659.1,kg/ha,A,Official figure,10014.0,243276.0,0.0411631233660533,0.0296434629436325,,,,,,,,,,
1997,"Beans, dry",Lesotho,1039.6,kg/ha,A,Official figure,13696.0,232031.0,0.0590265955842107,0.0411631233660533,,,,,,,,,,
1998,"Beans, dry",Lesotho,1116.7,kg/ha,A,Official figure,7500.0,152407.0,0.0492103381078296,0.0590265955842107,,,,,,,,,,
1999,"Beans, dry",Lesotho,796.6,kg/ha,A,Official figure,11640.0,214400.0,0.0542910447761194,0.0492103381078296,,,,,,,,,,
2000,"Beans, dry",Lesotho,799.9,kg/ha,A,Official figure,13426.0,239442.0,0.0560720341460562,0.0542910447761194,,,,,,,,,,
2001,"Beans, dry",Lesotho,635.5,kg/ha,A,Official figure,12368.0,288090.0,0.0429310284980388,0.0560720341460562,,,,,,,,,,
2002,"Beans, dry",Lesotho,602.1,kg/ha,A,Official figure,7241.0,234332.0,0.0309006025638837,0.0429310284980388,,,,,,,,,,
2003,"Beans, dry",Lesotho,331.3,kg/ha,A,Official figure,11169.0,223868.0,0.0498910072006718,0.0309006025638837,,,,,,,,,,
2004,"Beans, dry",Lesotho,563.7,kg/ha,A,Official figure,8570.0,208114.0,0.0411793536234948,0.0498910072006718,,,,,,,,,,
2005,"Beans, dry",Lesotho,280.5,kg/ha,A,Official figure,8785.0,188873.0,0.0465127360713283,0.0411793536234948,,,,,,,,,,
2006,"Beans, dry",Lesotho,155.3,kg/ha,A,Official figure,27743.0,222913.0,0.1244566265762876,0.0465127360713283,,,,,,,,,,
2007,"Beans, dry",Lesotho,266.6,kg/ha,A,Official figure,23038.0,211573.0,0.1088891304656076,0.1244566265762876,,,,,,,,,,
2008,"Beans, dry",Lesotho,260.1,kg/ha,A,Official figure,12243.0,222592.0,0.0550019767107533,0.1088891304656076,,,,,,,,,,
2009,"Beans, dry",Lesotho,433.0,kg/ha,A,Official figure,7973.0,207677.0,0.0383913481030638,0.0550019767107533,,,,,,,,,,
2010,"Beans, dry",Lesotho,331.0,kg/ha,A,Official figure,26887.0,232964.0,0.115412681787744,0.0383913481030638,,,,,,,,,,
2011,"Beans, dry",Lesotho,402.4,kg/ha,A,Official figure,17649.0,189769.0,0.0930025451996901,0.115412681787744,,,,,,,,,,
2012,"Beans, dry",Lesotho,331.6,kg/ha,E,Estimated value,15079.0,185798.0,0.0811580318410316,0.0930025451996901,,,,,,,,,,
2013,"Beans, dry",Lesotho,178.0,kg/ha,A,Official figure,18855.0,174827.0,0.1078494740514909,0.0811580318410316,,,,,,,,,,
2014,"Beans, dry",Lesotho,132.9,kg/ha,A,Official figure,18065.0,203715.0,0.0886778096850992,0.1078494740514909,,,,,,,,,,
2015,"Beans, dry",Lesotho,253.4,kg/ha,A,Official figure,17294.0,158503.0,0.1091083449524614,0.0886778096850992,,,,,,,,,,
2016,"Beans, dry",Lesotho,418.0,kg/ha,A,Official figure,3335.0,73491.0,0.0453797063586017,0.1091083449524614,,,,,,,,,,
2017,"Beans, dry",Lesotho,311.7,kg/ha,A,Official figure,21313.0,255905.0,0.0832848127234716,0.0453797063586017,,,,,,,,,,
2018,"Beans, dry",Lesotho,296.9,kg/ha,A,Official figure,22841.0,259758.0,0.0879318442550373,0.0832848127234716,,,,,,,,,,
2019,"Beans, dry",Lesotho,387.5,kg/ha,A,Official figure,2279.0,67354.0,0.0338361493007096,0.0879318442550373,,,,,,,,,,
2020,"Beans, dry",Lesotho,430.1,kg/ha,A,Official figure,8558.0,90888.0,0.0941598450840595,0.0338361493007096,,,,,,,,,,
2021,"Beans, dry",Lesotho,302.6,kg/ha,A,Official figure,40058.0,157341.0,0.25459352616292,0.0941598450840595,,,,,,,,,,
2022,"Beans, dry",Lesotho,325.8,kg/ha,A,Official figure,19766.0,149453.0,0.1322556255143757,0.25459352616292,,,,,,,,,,
2023,"Beans, dry",Lesotho,264.8,kg/ha,A,Official figure,19827.0,213938.0,0.0926763828772822,0.1322556255143757,,,,,,,,,,
1961,Maize (corn),Lesotho,814.8,kg/ha,E,Estimated value,135000.0,297595.0,0.4536366538416304,,,,,,,,,,,
1962,Maize (corn),Lesotho,814.8,kg/ha,E,Estimated value,135000.0,296430.0,0.4554194919542556,0.4536366538416304,,,,,,,,,,
1963,Maize (corn),Lesotho,814.8,kg/ha,E,Estimated value,135000.0,295485.0,0.4568759835524646,0.4554194919542556,,,,,,,,,,
1964,Maize (corn),Lesotho,814.8,kg/ha,E,Estimated value,135000.0,298045.0,0.4529517354761865,0.4568759835524646,,,,,,,,,,
1965,Maize (corn),Lesotho,709.7,kg/ha,A,Official figure,155000.0,310485.0,0.4992189638790923,0.4529517354761865,,,,,,,,,,
1966,Maize (corn),Lesotho,778.6,kg/ha,A,Official figure,140000.0,303855.0,0.4607460795445195,0.4992189638790923,,,,,,,,,,
1967,Maize (corn),Lesotho,743.2,kg/ha,A,Official figure,148000.0,316155.0,0.4681248121965491,0.4607460795445195,,,,,,,,,,
1968,Maize (corn),Lesotho,682.2,kg/ha,A,Official figure,156477.0,338138.0,0.462760766314345,0.4681248121965491,,,,,,,,,,
1969,Maize (corn),Lesotho,717.4,kg/ha,A,Official figure,142037.0,339045.0,0.4189325900691648,0.462760766314345,,,,,,,,,,
1970,Maize (corn),Lesotho,514.6,kg/ha,A,Official figure,129247.0,335746.0,0.3849546978966242,0.4189325900691648,,,,,,,,,,
1971,Maize (corn),Lesotho,548.1,kg/ha,A,Official figure,135000.0,351487.0,0.3840824838471978,0.3849546978966242,,,,,,,,,,
1972,Maize (corn),Lesotho,536.4,kg/ha,A,Official figure,110000.0,303892.0,0.3619707001171469,0.3840824838471978,,,,,,,,,,
1973,Maize (corn),Lesotho,608.7,kg/ha,A,Official figure,115000.0,285650.0,0.4025905828811482,0.3619707001171469,,,,,,,,,,
1974,Maize (corn),Lesotho,944.8,kg/ha,A,Official figure,129708.0,327117.0,0.3965186768037124,0.4025905828811482,,,,,,,,,,
1975,Maize (corn),Lesotho,651.8,kg/ha,A,Official figure,107844.0,263651.0,0.4090407394623954,0.3965186768037124,,,,,,,,,,
1976,Maize (corn),Lesotho,579.2,kg/ha,A,Official figure,84827.0,232715.0,0.3645102378445738,0.4090407394623954,,,,,,,,,,
1977,Maize (corn),Lesotho,1567.6,kg/ha,A,Official figure,80336.0,194638.0,0.4127457125535609,0.3645102378445738,,,,,,,,,,
1978,Maize (corn),Lesotho,1408.0,kg/ha,A,Official figure,101683.0,227587.0,0.4467873824076067,0.4127457125535609,,,,,,,,,,
1979,Maize (corn),Lesotho,1112.2,kg/ha,A,Official figure,112263.0,223478.0,0.5023447498187741,0.4467873824076067,,,,,,,,,,
1980,Maize (corn),Lesotho,957.1,kg/ha,A,Official figure,110357.0,222543.0,0.4958906818008205,0.5023447498187741,,,,,,,,,,
1981,Maize (corn),Lesotho,846.7,kg/ha,A,Official figure,124812.0,226116.0,0.5519821684445152,0.4958906818008205,,,,,,,,,,
1982,Maize (corn),Lesotho,726.5,kg/ha,A,Official figure,114282.0,218752.0,0.5224272235225278,0.5519821684445152,,,,,,,,,,
1983,Maize (corn),Lesotho,736.0,kg/ha,A,Official figure,103529.0,202502.0,0.5112492716121322,0.5224272235225278,,,,,,,,,,
1984,Maize (corn),Lesotho,680.0,kg/ha,A,Official figure,116739.0,227286.0,0.5136216044982973,0.5112492716121322,,,,,,,,,,
1985,Maize (corn),Lesotho,782.2,kg/ha,A,Official figure,118061.0,254977.0,0.4630260768618346,0.5136216044982973,,,,,,,,,,
1986,Maize (corn),Lesotho,708.9,kg/ha,A,Official figure,122008.0,224160.0,0.5442897930049965,0.4630260768618346,,,,,,,,,,
1987,Maize (corn),Lesotho,666.4,kg/ha,A,Official figure,142422.0,268665.0,0.5301099882753615,0.5442897930049965,,,,,,,,,,
1988,Maize (corn),Lesotho,922.1,kg/ha,A,Official figure,173214.0,319375.0,0.5423530332681018,0.5301099882753615,,,,,,,,,,
1989,Maize (corn),Lesotho,1047.6,kg/ha,A,Official figure,130996.0,245911.0,0.5326967886755778,0.5423530332681018,,,,,,,,,,
1990,Maize (corn),Lesotho,1100.0,kg/ha,A,Official figure,155976.0,258815.0,0.60265440565655,0.5326967886755778,,,,,,,,,,
1991,Maize (corn),Lesotho,540.8,kg/ha,A,Official figure,90461.0,174434.0,0.518597291812376,0.60265440565655,,,,,,,,,,
1992,Maize (corn),Lesotho,579.2,kg/ha,A,Official figure,105454.0,171796.0,0.6138326852778877,0.518597291812376,,,,,,,,,,
1993,Maize (corn),Lesotho,887.5,kg/ha,A,Official figure,103437.0,174562.0,0.5925516435421225,0.6138326852778877,,,,,,,,,,
1994,Maize (corn),Lesotho,862.9,kg/ha,A,Official figure,172743.0,296854.0,0.5819123205346736,0.5925516435421225,,,,,,,,,,
1995,Maize (corn),Lesotho,812.6,kg/ha,A,Official figure,76955.0,122624.0,0.6275688282881002,0.5819123205346736,,,,,,,,,,
1996,Maize (corn),Lesotho,1249.0,kg/ha,A,Official figure,150908.0,243276.0,0.6203160196649073,0.6275688282881002,,,,,,,,,,
1997,Maize (corn),Lesotho,985.7,kg/ha,A,Official figure,144116.0,232031.0,0.6211066624718249,0.6203160196649073,,,,,,,,,,
1998,Maize (corn),Lesotho,1317.1,kg/ha,A,Official figure,90030.0,152407.0,0.5907208986463877,0.6211066624718249,,,,,,,,,,
1999,Maize (corn),Lesotho,941.0,kg/ha,A,Official figure,132360.0,214400.0,0.6173507462686567,0.5907208986463877,,,,,,,,,,
2000,Maize (corn),Lesotho,677.3,kg/ha,A,Official figure,157680.0,239442.0,0.6585310847720951,0.6173507462686567,,,,,,,,,,
2001,Maize (corn),Lesotho,891.3,kg/ha,A,Official figure,177485.0,288090.0,0.6160748377243223,0.6585310847720951,,,,,,,,,,
2002,Maize (corn),Lesotho,808.8,kg/ha,A,Official figure,137380.0,234332.0,0.5862622262431081,0.6160748377243223,,,,,,,,,,
2003,Maize (corn),Lesotho,643.9,kg/ha,A,Official figure,127470.0,223868.0,0.5693980381296121,0.5862622262431081,,,,,,,,,,
2004,Maize (corn),Lesotho,634.7,kg/ha,A,Official figure,127620.0,208114.0,0.6132215997001643,0.5693980381296121,,,,,,,,,,
2005,Maize (corn),Lesotho,701.1,kg/ha,A,Official figure,112302.0,188873.0,0.5945900155130697,0.6132215997001643,,,,,,,,,,
2006,Maize (corn),Lesotho,556.7,kg/ha,A,Official figure,123508.0,222913.0,0.5540636930102776,0.5945900155130697,,,,,,,,,,
2007,Maize (corn),Lesotho,487.7,kg/ha,A,Official figure,123661.0,211573.0,0.584483842456268,0.5540636930102776,,,,,,,,,,
2008,Maize (corn),Lesotho,434.9,kg/ha,A,Official figure,137156.0,222592.0,0.6161766820011501,0.584483842456268,,,,,,,,,,
2009,Maize (corn),Lesotho,415.9,kg/ha,A,Official figure,137366.0,207677.0,0.6614406024740342,0.6161766820011501,,,,,,,,,,
2010,Maize (corn),Lesotho,907.1,kg/ha,A,Official figure,141340.0,232964.0,0.6067031816074586,0.6614406024740342,,,,,,,,,,
2011,Maize (corn),Lesotho,634.4,kg/ha,A,Official figure,115688.0,189769.0,0.6096253866543008,0.6067031816074586,,,,,,,,,,
2012,Maize (corn),Lesotho,695.2,kg/ha,E,Estimated value,126854.0,185798.0,0.6827522362996372,0.6096253866543008,,,,,,,,,,
2013,Maize (corn),Lesotho,822.7,kg/ha,A,Official figure,104926.0,174827.0,0.6001704542204579,0.6827522362996372,,,,,,,,,,
2014,Maize (corn),Lesotho,678.6,kg/ha,A,Official figure,132727.0,203715.0,0.651532778636821,0.6001704542204579,,,,,,,,,,
2015,Maize (corn),Lesotho,657.1,kg/ha,A,Official figure,99884.0,158503.0,0.6301710377721558,0.651532778636821,,,,,,,,,,
2016,Maize (corn),Lesotho,468.0,kg/ha,A,Official figure,40981.0,73491.0,0.5576329074308418,0.6301710377721558,,,,,,,,,,
2017,Maize (corn),Lesotho,1040.9,kg/ha,A,Official figure,165882.0,255905.0,0.648217111818839,0.5576329074308418,,,,,,,,,,
2018,Maize (corn),Lesotho,868.4,kg/ha,A,Official figure,126564.0,259758.0,0.4872381216362922,0.648217111818839,,,,,,,,,,
2019,Maize (corn),Lesotho,768.8,kg/ha,A,Official figure,32026.0,67354.0,0.4754877215904029,0.4872381216362922,,,,,,,,,,
2020,Maize (corn),Lesotho,456.9,kg/ha,A,Official figure,47669.0,90888.0,0.5244806795176481,0.4754877215904029,,,,,,,,,,
2021,Maize (corn),Lesotho,1025.2,kg/ha,A,Official figure,86379.0,157341.0,0.5489923160523957,0.5244806795176481,,,,,,,,,,
2022,Maize (corn),Lesotho,804.6,kg/ha,A,Official figure,89602.0,149453.0,0.5995329635403772,0.5489923160523957,,,,,,,,,,
2023,Maize (corn),Lesotho,850.8,kg/ha,A,Official figure,149271.0,213938.0,0.6977301835111107,0.5995329635403772,,,,,,,,,,
1961,Oats,Lesotho,1303.7,kg/ha,A,Official figure,642.0,297595.0,0.0021572943093801,,,,,,,,,,,
1962,Oats,Lesotho,1428.6,kg/ha,E,Estimated value,700.0,296430.0,0.0023614344027257,0.0021572943093801,,,,,,,,,,
1963,Oats,Lesotho,1428.6,kg/ha,E,Estimated value,700.0,295485.0,0.0023689865813831,0.0023614344027257,,,,,,,,,,
1964,Oats,Lesotho,1428.6,kg/ha,E,Estimated value,700.0,298045.0,0.002348638628395,0.0023689865813831,,,,,,,,,,
1965,Oats,Lesotho,1428.6,kg/ha,E,Estimated value,700.0,310485.0,0.0022545372562281,0.002348638628395,,,,,,,,,,
1966,Oats,Lesotho,1428.6,kg/ha,E,Estimated value,700.0,303855.0,0.0023037303977225,0.0022545372562281,,,,,,,,,,
1967,Oats,Lesotho,1428.6,kg/ha,E,Estimated value,700.0,316155.0,0.0022141038414701,0.0023037303977225,,,,,,,,,,
1968,Oats,Lesotho,1428.6,kg/ha,E,Estimated value,700.0,338138.0,0.002070160703618,0.0022141038414701,,,,,,,,,,
1969,Oats,Lesotho,1428.6,kg/ha,E,Estimated value,700.0,339045.0,0.0020646226902033,0.002070160703618,,,,,,,,,,
1970,Oats,Lesotho,1428.6,kg/ha,E,Estimated value,700.0,335746.0,0.0020849094255776,0.0020646226902033,,,,,,,,,,
1971,Oats,Lesotho,1428.6,kg/ha,E,Estimated value,700.0,351487.0,0.0019915388051336,0.0020849094255776,,,,,,,,,,
1972,Oats,Lesotho,1428.6,kg/ha,E,Estimated value,700.0,303892.0,0.0023034499098363,0.0019915388051336,,,,,,,,,,
1973,Oats,Lesotho,1428.6,kg/ha,E,Estimated value,700.0,285650.0,0.0024505513740591,0.0023034499098363,,,,,,,,,,
1974,Oats,Lesotho,1428.6,kg/ha,E,Estimated value,700.0,327117.0,0.0021399071280306,0.0024505513740591,,,,,,,,,,
1975,Oats,Lesotho,1428.6,kg/ha,E,Estimated value,700.0,263651.0,0.0026550250141285,0.0021399071280306,,,,,,,,,,
1976,Oats,Lesotho,1428.6,kg/ha,E,Estimated value,700.0,232715.0,0.0030079711234772,0.0026550250141285,,,,,,,,,,
1977,Oats,Lesotho,1428.6,kg/ha,E,Estimated value,700.0,194638.0,0.0035964200207564,0.0030079711234772,,,,,,,,,,
1978,Oats,Lesotho,1428.6,kg/ha,E,Estimated value,700.0,227587.0,0.0030757468572458,0.0035964200207564,,,,,,,,,,
1979,Oats,Lesotho,1428.6,kg/ha,E,Estimated value,700.0,223478.0,0.0031322993762249,0.0030757468572458,,,,,,,,,,
1980,Oats,Lesotho,1428.6,kg/ha,E,Estimated value,700.0,222543.0,0.0031454595291696,0.0031322993762249,,,,,,,,,,
1981,Oats,Lesotho,1428.6,kg/ha,E,Estimated value,700.0,226116.0,0.0030957561605547,0.0031454595291696,,,,,,,,,,
1982,Oats,Lesotho,1428.6,kg/ha,E,Estimated value,700.0,218752.0,0.0031999707431246,0.0030957561605547,,,,,,,,,,
1983,Oats,Lesotho,1428.6,kg/ha,E,Estimated value,700.0,202502.0,0.0034567559826569,0.0031999707431246,,,,,,,,,,
1984,Oats,Lesotho,1428.6,kg/ha,E,Estimated value,700.0,227286.0,0.0030798201385039,0.0034567559826569,,,,,,,,,,
1985,Oats,Lesotho,1428.6,kg/ha,E,Estimated value,700.0,254977.0,0.002745345658628,0.0030798201385039,,,,,,,,,,
1986,Oats,Lesotho,1428.6,kg/ha,E,Estimated value,700.0,224160.0,0.0031227694503925,0.002745345658628,,,,,,,,,,
1987,Oats,Lesotho,1428.6,kg/ha,E,Estimated value,700.0,268665.0,0.0026054752200696,0.0031227694503925,,,,,,,,,,
1988,Oats,Lesotho,1428.6,kg/ha,E,Estimated value,700.0,319375.0,0.0021917808219178,0.0026054752200696,,,,,,,,,,
1989,Oats,Lesotho,1428.6,kg/ha,E,Estimated value,700.0,245911.0,0.0028465583076804,0.0021917808219178,,,,,,,,,,
1990,Oats,Lesotho,1608.5,kg/ha,E,Estimated value,756.0,258815.0,0.0029210053513127,0.0028465583076804,,,,,,,,,,
1991,Oats,Lesotho,1358.7,kg/ha,E,Estimated value,698.0,174434.0,0.0040015134664113,0.0029210053513127,,,,,,,,,,
1992,Oats,Lesotho,1366.9,kg/ha,E,Estimated value,658.0,171796.0,0.0038301241006775,0.0040015134664113,,,,,,,,,,
1993,Oats,Lesotho,1371.4,kg/ha,E,Estimated value,613.0,174562.0,0.0035116462918619,0.0038301241006775,,,,,,,,,,
1994,Oats,Lesotho,1354.7,kg/ha,E,Estimated value,515.0,296854.0,0.001734859560592,0.0035116462918619,,,,,,,,,,
1995,Oats,Lesotho,1333.3,kg/ha,E,Estimated value,600.0,122624.0,0.004893006263048,0.001734859560592,,,,,,,,,,
1996,Oats,Lesotho,1428.6,kg/ha,E,Estimated value,700.0,243276.0,0.0028773902892188,0.004893006263048,,,,,,,,,,
1997,Oats,Lesotho,1333.3,kg/ha,E,Estimated value,600.0,232031.0,0.0025858613719718,0.0028773902892188,,,,,,,,,,
1998,Oats,Lesotho,1333.3,kg/ha,E,Estimated value,450.0,152407.0,0.0029526202864697,0.0025858613719718,,,,,,,,,,
1999,Oats,Lesotho,1483.1,kg/ha,E,Estimated value,236.0,214400.0,0.0011007462686567,0.0029526202864697,,,,,,,,,,
2000,Oats,Lesotho,1456.8,kg/ha,E,Estimated value,240.0,239442.0,0.0010023304182223,0.0011007462686567,-9999.0,21.42132314258884,0.3933990380864417,2.095530065328809,63.62415747852148,11777188.359269124,62.50075137505385,356.2606440187503,2795.968280862523,221.19789449283704
2001,Oats,Lesotho,1478.5,kg/ha,E,Estimated value,234.0,288090.0,0.0008122461730709,0.0010023304182223,-9999.0,23.14671593036056,0.3965871963643983,2.371527659909968,63.84330348125052,11742026.313347068,62.50075137505385,356.2606440187503,2795.968280862523,221.19789449283704
2002,Oats,Lesotho,1471.0,kg/ha,E,Estimated value,225.0,234332.0,0.0009601761603195,0.0008122461730709,-9999.0,22.511321068560857,0.3895387769613709,1.91484927947351,62.42560041462703,12211718.768349102,62.50075137505385,356.2606440187503,2795.968280862523,221.19789449283704
2003,Oats,Lesotho,1479.6,kg/ha,E,Estimated value,198.0,223868.0,0.0008844497650401,0.0009601761603195,-9999.0,24.0942428039822,0.3791303619769131,1.588012810720998,56.06455760586465,12374496.76962759,62.50075137505385,356.2606440187503,2795.968280862523,221.19789449283704
2004,Oats,Lesotho,1495.4,kg/ha,E,Estimated value,175.0,208114.0,0.000840885284027,0.0008844497650401,-9999.0,23.408622019732125,0.3914742034048706,2.051693781947938,60.03788654622928,12068751.069653576,62.50075137505385,356.2606440187503,2795.968280862523,221.19789449283704
2005,Oats,Lesotho,1499.7,kg/ha,E,Estimated value,150.0,188873.0,0.0007941844519862,0.000840885284027,-9999.0,23.64258061674836,0.3902454204174054,1.9082637999407448,56.92086955200378,12151570.28959807,62.50075137505385,356.2606440187503,2795.968280862523,221.19789449283704
2006,Oats,Lesotho,1578.9,kg/ha,E,Estimated value,114.0,222913.0,0.000511410281141,0.0007941844519862,-9999.0,21.787814852522462,0.4146103992763351,2.460054446856231,64.35689629191086,11548103.75143518,62.50075137505385,356.2606440187503,2795.968280862523,221.19789449283704
2007,Oats,Lesotho,1585.4,kg/ha,E,Estimated value,82.0,211573.0,0.0003875730835219,0.000511410281141,-9999.0,23.913434415214503,0.3621127122190189,1.9003915492622687,52.50316525632471,12457479.685319709,62.50075137505385,356.2606440187503,2795.968280862523,221.19789449283704
2008,Oats,Lesotho,1470.6,kg/ha,E,Estimated value,34.0,222592.0,0.0001527458309373,0.0003875730835219,-9999.0,23.438826700808484,0.3877846403640074,1.9674013956265943,55.550928479871615,12267863.688627211,62.50075137505385,356.2606440187503,2795.968280862523,221.19789449283704
2009,Oats,Lesotho,1470.6,kg/ha,E,Estimated value,17.0,207677.0,8.185788508115969e-05,0.0001527458309373,-9999.0,22.65881062062681,0.3952122302892322,2.0060733240442943,57.59848224460284,11948825.237700006,62.50075137505385,356.2606440187503,2795.968280862523,221.19789449283704
2010,Oats,Lesotho,1506.3,kg/ha,E,Estimated value,239.0,232964.0,0.0010259095825964,8.185788508115969e-05,-9999.0,23.776155767872872,0.3885760206961814,2.148128908488684,54.62567787016801,12121151.578453382,62.50075137505385,356.2606440187503,2795.968280862523,221.19789449283704
2011,Oats,Lesotho,1509.9,kg/ha,E,Estimated value,240.0,189769.0,0.0012646954982109,0.0010259095825964,-9999.0,22.27017452692317,0.3976950184574155,2.0153852774568417,58.265276598209816,12038699.294449894,62.50075137505385,356.2606440187503,2795.968280862523,221.19789449283704
2012,Oats,Lesotho,1500.0,kg/ha,E,Estimated value,250.0,185798.0,0.0013455473148257,0.0012646954982109,-9999.0,23.019823258276656,0.3896746690167666,2.0066639603304823,55.27185906828694,12262665.53543197,62.50075137505385,356.2606440187503,2795.968280862523,221.19789449283704
2013,Oats,Lesotho,1500.0,kg/ha,E,Estimated value,250.0,174827.0,0.0014299850709558,0.0013455473148257,-9999.0,24.400811637312906,0.3754118432943845,1.8129881882144705,48.517745069059934,12427983.4840825,62.50075137505385,356.2606440187503,2795.968280862523,221.19789449283704
2014,Oats,Lesotho,1519.6,kg/ha,E,Estimated value,231.0,203715.0,0.0011339371180325,0.0014299850709558,-9999.0,23.53873714269873,0.3885781578909378,1.8786540449436864,52.05705036387174,12253229.800537225,62.50075137505385,356.2606440187503,2795.968280862523,221.19789449283704
2015,Oats,Lesotho,1530.0,kg/ha,E,Estimated value,197.0,158503.0,0.0012428786836842,0.0011339371180325,-9999.0,25.473415526945264,0.3704916315427618,1.5508096459039835,49.32780627474044,12649874.72109842,62.50075137505385,356.2606440187503,2795.968280862523,221.19789449283704
2016,Oats,Lesotho,1515.4,kg/ha,E,Estimated value,226.0,73491.0,0.0030752064878692,0.0012428786836842,-9999.0,24.66946959932828,0.3785982193602492,1.7886575687959123,53.95982130426683,12318525.56790794,62.50075137505385,356.2606440187503,2795.968280862523,221.19789449283704
2017,Oats,Lesotho,1521.3,kg/ha,E,Estimated value,218.0,255905.0,0.0008518786268341,0.0030752064878692,-9999.0,24.2192017583744,0.385774414409147,1.869037051331582,52.5224177135142,12185854.775536738,62.50075137505385,356.2606440187503,2795.968280862523,221.19789449283704
2018,Oats,Lesotho,1534.1,kg/ha,E,Estimated value,215.0,259758.0,0.000827693468536,0.0008518786268341,-9999.0,24.37208776488083,0.3849501455689283,2.0483388481555584,52.27877203525688,12491235.435401872,62.50075137505385,356.2606440187503,2795.968280862523,221.19789449283704
2019,Oats,Lesotho,1540.7,kg/ha,E,Estimated value,218.0,67354.0,0.0032366303411824,0.000827693468536,-9999.0,26.083097589410176,0.3714629904420837,1.895001781267572,45.52129466725185,12642571.25548139,62.50075137505385,356.2606440187503,2795.968280862523,221.19789449283704
2020,Oats,Lesotho,1532.0,kg/ha,E,Estimated value,217.0,90888.0,0.0023875539125077,0.0032366303411824,-9999.0,23.296985001007645,0.4068825894538868,2.1400281023535643,53.909134240217725,12146057.38512687,62.50075137505385,356.2606440187503,2795.968280862523,221.19789449283704
2021,Oats,Lesotho,1535.6,kg/ha,E,Estimated value,217.0,157341.0,0.0013791700828137,0.0023875539125077,7.905099911796773,22.10291244910049,0.4082699635073734,1.922727977986128,56.56448148694974,11883193.85983266,62.50075137505385,356.2606440187503,2795.968280862523,221.19789449283704
2022,Oats,Lesotho,1536.1,kg/ha,E,Estimated value,217.0,149453.0,0.0014519614862197,0.0013791700828137,8.474896571905738,20.59081065129222,0.4291711964726186,2.634098822237009,61.20155727214621,11683169.196492258,62.50075137505385,356.2606440187503,2795.968280862523,221.19789449283704
2023,Oats,Lesotho,1534.6,kg/ha,E,Estimated value,217.0,213938.0,0.0010143125578438,0.0014519614862197,7.622949779346055,21.352765329386106,0.4239557895572053,2.1654318455862853,57.41139400678172,12070132.284950756,62.50075137505385,356.2606440187503,2795.968280862523,221.19789449283704
1961,"Other fruits, n.e.c.",Lesotho,4444.4,kg/ha,E,Estimated value,2700.0,297595.0,0.0090727330768326,,,,,,,,,,,
1962,"Other fruits, n.e.c.",Lesotho,4444.4,kg/ha,E,Estimated value,2700.0,296430.0,0.0091083898390851,0.0090727330768326,,,,,,,,,,
1963,"Other fruits, n.e.c.",Lesotho,4444.4,kg/ha,E,Estimated value,2700.0,295485.0,0.0091375196710492,0.0091083898390851,,,,,,,,,,
1964,"Other fruits, n.e.c.",Lesotho,4444.4,kg/ha,E,Estimated value,2700.0,298045.0,0.0090590347095237,0.0091375196710492,,,,,,,,,,
1965,"Other fruits, n.e.c.",Lesotho,4444.4,kg/ha,E,Estimated value,2700.0,310485.0,0.0086960722740228,0.0090590347095237,,,,,,,,,,
1966,"Other fruits, n.e.c.",Lesotho,4642.9,kg/ha,E,Estimated value,2800.0,303855.0,0.0092149215908903,0.0086960722740228,,,,,,,,,,
1967,"Other fruits, n.e.c.",Lesotho,4642.9,kg/ha,E,Estimated value,2800.0,316155.0,0.0088564153658806,0.0092149215908903,,,,,,,,,,
1968,"Other fruits, n.e.c.",Lesotho,4642.9,kg/ha,E,Estimated value,2800.0,338138.0,0.0082806428144721,0.0088564153658806,,,,,,,,,,
1969,"Other fruits, n.e.c.",Lesotho,4642.9,kg/ha,E,Estimated value,2800.0,339045.0,0.0082584907608134,0.0082806428144721,,,,,,,,,,
1970,"Other fruits, n.e.c.",Lesotho,4666.7,kg/ha,E,Estimated value,3000.0,335746.0,0.0089353261096185,0.0082584907608134,,,,,,,,,,
1971,"Other fruits, n.e.c.",Lesotho,4666.7,kg/ha,E,Estimated value,3000.0,351487.0,0.0085351663077155,0.0089353261096185,,,,,,,,,,
1972,"Other fruits, n.e.c.",Lesotho,4666.7,kg/ha,E,Estimated value,3000.0,303892.0,0.009871928185013,0.0085351663077155,,,,,,,,,,
1973,"Other fruits, n.e.c.",Lesotho,5333.3,kg/ha,E,Estimated value,3000.0,285650.0,0.0105023630316821,0.009871928185013,,,,,,,,,,
1974,"Other fruits, n.e.c.",Lesotho,5333.3,kg/ha,E,Estimated value,3000.0,327117.0,0.0091710305487027,0.0105023630316821,,,,,,,,,,
1975,"Other fruits, n.e.c.",Lesotho,5333.3,kg/ha,E,Estimated value,3000.0,263651.0,0.0113786786319793,0.0091710305487027,,,,,,,,,,
1976,"Other fruits, n.e.c.",Lesotho,5333.3,kg/ha,E,Estimated value,3000.0,232715.0,0.0128913048149023,0.0113786786319793,,,,,,,,,,
1977,"Other fruits, n.e.c.",Lesotho,5666.7,kg/ha,E,Estimated value,3000.0,194638.0,0.0154132286603849,0.0128913048149023,,,,,,,,,,
1978,"Other fruits, n.e.c.",Lesotho,5666.7,kg/ha,E,Estimated value,3000.0,227587.0,0.0131817722453391,0.0154132286603849,,,,,,,,,,
1979,"Other fruits, n.e.c.",Lesotho,5666.7,kg/ha,E,Estimated value,3000.0,223478.0,0.0134241401838212,0.0131817722453391,,,,,,,,,,
1980,"Other fruits, n.e.c.",Lesotho,5000.0,kg/ha,E,Estimated value,3000.0,222543.0,0.0134805408392984,0.0134241401838212,,,,,,,,,,
1981,"Other fruits, n.e.c.",Lesotho,5000.0,kg/ha,E,Estimated value,3000.0,226116.0,0.0132675264023775,0.0134805408392984,,,,,,,,,,
1982,"Other fruits, n.e.c.",Lesotho,5000.0,kg/ha,E,Estimated value,3000.0,218752.0,0.013714160327677,0.0132675264023775,,,,,,,,,,
1983,"Other fruits, n.e.c.",Lesotho,5901.6,kg/ha,E,Estimated value,3050.0,202502.0,0.0150615796387196,0.013714160327677,,,,,,,,,,
1984,"Other fruits, n.e.c.",Lesotho,5901.6,kg/ha,E,Estimated value,3050.0,227286.0,0.013419216317767,0.0150615796387196,,,,,,,,,,
1985,"Other fruits, n.e.c.",Lesotho,5901.6,kg/ha,E,Estimated value,3050.0,254977.0,0.0119618632268792,0.013419216317767,,,,,,,,,,
1986,"Other fruits, n.e.c.",Lesotho,5901.6,kg/ha,E,Estimated value,3050.0,224160.0,0.0136063526052819,0.0119618632268792,,,,,,,,,,
1987,"Other fruits, n.e.c.",Lesotho,5901.6,kg/ha,E,Estimated value,3050.0,268665.0,0.0113524277445889,0.0136063526052819,,,,,,,,,,
1988,"Other fruits, n.e.c.",Lesotho,5901.6,kg/ha,E,Estimated value,3050.0,319375.0,0.0095499021526418,0.0113524277445889,,,,,,,,,,
1989,"Other fruits, n.e.c.",Lesotho,5901.6,kg/ha,E,Estimated value,3050.0,245911.0,0.0124028611977504,0.0095499021526418,,,,,,,,,,
1990,"Other fruits, n.e.c.",Lesotho,5796.7,kg/ha,E,Estimated value,3055.0,258815.0,0.0118037980797094,0.0124028611977504,,,,,,,,,,
1991,"Other fruits, n.e.c.",Lesotho,4803.6,kg/ha,E,Estimated value,3955.0,174434.0,0.0226733320338924,0.0118037980797094,,,,,,,,,,
1992,"Other fruits, n.e.c.",Lesotho,4796.2,kg/ha,E,Estimated value,3753.0,171796.0,0.021845677431372,0.0226733320338924,,,,,,,,,,
1993,"Other fruits, n.e.c.",Lesotho,4788.8,kg/ha,E,Estimated value,3440.0,174562.0,0.0197064653246411,0.021845677431372,,,,,,,,,,
1994,"Other fruits, n.e.c.",Lesotho,4781.1,kg/ha,E,Estimated value,3306.0,296854.0,0.0111367877811988,0.0197064653246411,,,,,,,,,,
1995,"Other fruits, n.e.c.",Lesotho,4855.0,kg/ha,E,Estimated value,3090.0,122624.0,0.0251989822546972,0.0111367877811988,,,,,,,,,,
1996,"Other fruits, n.e.c.",Lesotho,4912.8,kg/ha,E,Estimated value,3257.0,243276.0,0.0133880859599796,0.0251989822546972,,,,,,,,,,
1997,"Other fruits, n.e.c.",Lesotho,5000.0,kg/ha,E,Estimated value,3000.0,232031.0,0.0129293068598592,0.0133880859599796,,,,,,,,,,
1998,"Other fruits, n.e.c.",Lesotho,4852.6,kg/ha,E,Estimated value,2679.0,152407.0,0.0175779327721167,0.0129293068598592,,,,,,,,,,
1999,"Other fruits, n.e.c.",Lesotho,4805.7,kg/ha,E,Estimated value,2913.0,214400.0,0.0135867537313432,0.0175779327721167,,,,,,,,,,
2000,"Other fruits, n.e.c.",Lesotho,4677.4,kg/ha,E,Estimated value,3100.0,239442.0,0.0129467679020389,0.0135867537313432,,,,,,,,,,
2001,"Other fruits, n.e.c.",Lesotho,4687.5,kg/ha,E,Estimated value,3200.0,288090.0,0.0111076399736193,0.0129467679020389,,,,,,,,,,
2002,"Other fruits, n.e.c.",Lesotho,4697.0,kg/ha,E,Estimated value,3300.0,234332.0,0.0140825836846866,0.0111076399736193,,,,,,,,,,
2003,"Other fruits, n.e.c.",Lesotho,4705.9,kg/ha,E,Estimated value,3400.0,223868.0,0.0151875212178605,0.0140825836846866,,,,,,,,,,
2004,"Other fruits, n.e.c.",Lesotho,4714.3,kg/ha,E,Estimated value,3500.0,208114.0,0.0168177056805404,0.0151875212178605,,,,,,,,,,
2005,"Other fruits, n.e.c.",Lesotho,4694.4,kg/ha,E,Estimated value,3600.0,188873.0,0.0190604268476701,0.0168177056805404,,,,,,,,,,
2006,"Other fruits, n.e.c.",Lesotho,4729.7,kg/ha,E,Estimated value,3700.0,222913.0,0.0165984038615962,0.0190604268476701,,,,,,,,,,
2007,"Other fruits, n.e.c.",Lesotho,4736.8,kg/ha,E,Estimated value,3800.0,211573.0,0.0179607038705316,0.0165984038615962,,,,,,,,,,
2008,"Other fruits, n.e.c.",Lesotho,4750.0,kg/ha,E,Estimated value,4000.0,222592.0,0.0179700977573318,0.0179607038705316,,,,,,,,,,
2009,"Other fruits, n.e.c.",Lesotho,4484.6,kg/ha,E,Estimated value,3996.0,207677.0,0.0192414181637831,0.0179700977573318,,,,,,,,,,
2010,"Other fruits, n.e.c.",Lesotho,4317.4,kg/ha,E,Estimated value,3958.0,232964.0,0.0169897494891914,0.0192414181637831,,,,,,,,,,
2011,"Other fruits, n.e.c.",Lesotho,4176.1,kg/ha,E,Estimated value,4011.0,189769.0,0.021136223513851,0.0169897494891914,,,,,,,,,,
2012,"Other fruits, n.e.c.",Lesotho,3555.6,kg/ha,E,Estimated value,4500.0,185798.0,0.024219851666864,0.021136223513851,,,,,,,,,,
2013,"Other fruits, n.e.c.",Lesotho,3905.1,kg/ha,E,Estimated value,3977.0,174827.0,0.0227482025087658,0.024219851666864,,,,,,,,,,
2014,"Other fruits, n.e.c.",Lesotho,3832.0,kg/ha,E,Estimated value,3955.0,203715.0,0.0194143779299511,0.0227482025087658,,,,,,,,,,
2015,"Other fruits, n.e.c.",Lesotho,3813.5,kg/ha,E,Estimated value,4030.0,158503.0,0.0254253862702914,0.0194143779299511,,,,,,,,,,
2016,"Other fruits, n.e.c.",Lesotho,3743.1,kg/ha,E,Estimated value,4120.0,73491.0,0.0560612864160237,0.0254253862702914,,,,,,,,,,
2017,"Other fruits, n.e.c.",Lesotho,3635.6,kg/ha,E,Estimated value,4216.0,255905.0,0.0164748637189582,0.0560612864160237,,,,,,,,,,
2018,"Other fruits, n.e.c.",Lesotho,3541.8,kg/ha,E,Estimated value,4285.0,259758.0,0.0164961233147776,0.0164748637189582,,,,,,,,,,
2019,"Other fruits, n.e.c.",Lesotho,3442.5,kg/ha,E,Estimated value,4367.0,67354.0,0.0648365353208421,0.0164961233147776,,,,,,,,,,
2020,"Other fruits, n.e.c.",Lesotho,3378.0,kg/ha,E,Estimated value,4370.0,90888.0,0.04808115482792,0.0648365353208421,,,,,,,,,,
2021,"Other fruits, n.e.c.",Lesotho,3403.9,kg/ha,E,Estimated value,4404.0,157341.0,0.0279901614963677,0.04808115482792,,,,,,,,,,
2022,"Other fruits, n.e.c.",Lesotho,3408.1,kg/ha,E,Estimated value,4380.0,149453.0,0.0293068723946658,0.0279901614963677,,,,,,,,,,
2023,"Other fruits, n.e.c.",Lesotho,3396.7,kg/ha,E,Estimated value,4385.0,213938.0,0.0204965924707158,0.0293068723946658,,,,,,,,,,
1961,"Other vegetables, fresh n.e.c.",Lesotho,6798.9,kg/ha,E,Estimated value,1765.0,297595.0,0.0059308792150405,,,,,,,,,,,
1962,"Other vegetables, fresh n.e.c.",Lesotho,6776.0,kg/ha,E,Estimated value,1830.0,296430.0,0.0061734642242687,0.0059308792150405,,,,,,,,,,
1963,"Other vegetables, fresh n.e.c.",Lesotho,6790.5,kg/ha,E,Estimated value,1885.0,295485.0,0.0063793424370103,0.0061734642242687,,,,,,,,,,
1964,"Other vegetables, fresh n.e.c.",Lesotho,6786.6,kg/ha,E,Estimated value,1945.0,298045.0,0.0065258601888976,0.0063793424370103,,,,,,,,,,
1965,"Other vegetables, fresh n.e.c.",Lesotho,6801.0,kg/ha,E,Estimated value,1985.0,310485.0,0.0063932235051612,0.0065258601888976,,,,,,,,,,
1966,"Other vegetables, fresh n.e.c.",Lesotho,6802.7,kg/ha,E,Estimated value,2205.0,303855.0,0.0072567507528261,0.0063932235051612,,,,,,,,,,
1967,"Other vegetables, fresh n.e.c.",Lesotho,6802.7,kg/ha,E,Estimated value,2205.0,316155.0,0.006974427100631,0.0072567507528261,,,,,,,,,,
1968,"Other vegetables, fresh n.e.c.",Lesotho,6818.2,kg/ha,E,Estimated value,2200.0,338138.0,0.0065062193542281,0.006974427100631,,,,,,,,,,
1969,"Other vegetables, fresh n.e.c.",Lesotho,6818.2,kg/ha,E,Estimated value,2200.0,339045.0,0.0064888141692105,0.0065062193542281,,,,,,,,,,
1970,"Other vegetables, fresh n.e.c.",Lesotho,6938.8,kg/ha,E,Estimated value,2450.0,335746.0,0.0072971829895218,0.0064888141692105,,,,,,,,,,
1971,"Other vegetables, fresh n.e.c.",Lesotho,6938.8,kg/ha,E,Estimated value,2450.0,351487.0,0.0069703858179676,0.0072971829895218,,,,,,,,,,
1972,"Other vegetables, fresh n.e.c.",Lesotho,7083.3,kg/ha,E,Estimated value,2400.0,303892.0,0.0078975425480104,0.0069703858179676,,,,,,,,,,
1973,"Other vegetables, fresh n.e.c.",Lesotho,6923.1,kg/ha,E,Estimated value,2600.0,285650.0,0.0091020479607911,0.0078975425480104,,,,,,,,,,
1974,"Other vegetables, fresh n.e.c.",Lesotho,6923.1,kg/ha,E,Estimated value,2600.0,327117.0,0.0079482264755423,0.0091020479607911,,,,,,,,,,
1975,"Other vegetables, fresh n.e.c.",Lesotho,6923.1,kg/ha,E,Estimated value,2600.0,263651.0,0.0098615214810488,0.0079482264755423,,,,,,,,,,
1976,"Other vegetables, fresh n.e.c.",Lesotho,6923.1,kg/ha,E,Estimated value,2600.0,232715.0,0.0111724641729153,0.0098615214810488,,,,,,,,,,
1977,"Other vegetables, fresh n.e.c.",Lesotho,7142.9,kg/ha,E,Estimated value,2800.0,194638.0,0.0143856800830259,0.0111724641729153,,,,,,,,,,
1978,"Other vegetables, fresh n.e.c.",Lesotho,7142.9,kg/ha,E,Estimated value,2800.0,227587.0,0.0123029874289832,0.0143856800830259,,,,,,,,,,
1979,"Other vegetables, fresh n.e.c.",Lesotho,7142.9,kg/ha,E,Estimated value,2800.0,223478.0,0.0125291975048998,0.0123029874289832,,,,,,,,,,
1980,"Other vegetables, fresh n.e.c.",Lesotho,6896.6,kg/ha,E,Estimated value,2900.0,222543.0,0.0130311894779885,0.0125291975048998,,,,,,,,,,
1981,"Other vegetables, fresh n.e.c.",Lesotho,7096.8,kg/ha,E,Estimated value,3100.0,226116.0,0.0137097772824567,0.0130311894779885,,,,,,,,,,
1982,"Other vegetables, fresh n.e.c.",Lesotho,7352.9,kg/ha,E,Estimated value,3400.0,218752.0,0.0155427150380339,0.0137097772824567,,,,,,,,,,
1983,"Other vegetables, fresh n.e.c.",Lesotho,7142.9,kg/ha,E,Estimated value,3500.0,202502.0,0.0172837799132848,0.0155427150380339,,,,,,,,,,
1984,"Other vegetables, fresh n.e.c.",Lesotho,6944.4,kg/ha,E,Estimated value,3600.0,227286.0,0.0158390749980201,0.0172837799132848,,,,,,,,,,
1985,"Other vegetables, fresh n.e.c.",Lesotho,6756.8,kg/ha,E,Estimated value,3700.0,254977.0,0.0145111127670338,0.0158390749980201,,,,,,,,,,
1986,"Other vegetables, fresh n.e.c.",Lesotho,7027.0,kg/ha,E,Estimated value,3700.0,224160.0,0.0165060670949321,0.0145111127670338,,,,,,,,,,
1987,"Other vegetables, fresh n.e.c.",Lesotho,7027.0,kg/ha,E,Estimated value,3700.0,268665.0,0.0137717975917964,0.0165060670949321,,,,,,,,,,
1988,"Other vegetables, fresh n.e.c.",Lesotho,7027.0,kg/ha,E,Estimated value,3700.0,319375.0,0.0115851272015655,0.0137717975917964,,,,,,,,,,
1989,"Other vegetables, fresh n.e.c.",Lesotho,7027.0,kg/ha,E,Estimated value,3700.0,245911.0,0.015046093912025,0.0115851272015655,,,,,,,,,,
1990,"Other vegetables, fresh n.e.c.",Lesotho,7335.9,kg/ha,E,Estimated value,3370.0,258815.0,0.0130208836427564,0.015046093912025,,,,,,,,,,
1991,"Other vegetables, fresh n.e.c.",Lesotho,6666.7,kg/ha,E,Estimated value,3000.0,174434.0,0.0171984819473267,0.0130208836427564,,,,,,,,,,
1992,"Other vegetables, fresh n.e.c.",Lesotho,6654.4,kg/ha,E,Estimated value,3129.0,171796.0,0.0182134624787538,0.0171984819473267,,,,,,,,,,
1993,"Other vegetables, fresh n.e.c.",Lesotho,6659.2,kg/ha,E,Estimated value,3244.0,174562.0,0.0185836550910278,0.0182134624787538,,,,,,,,,,
1994,"Other vegetables, fresh n.e.c.",Lesotho,6664.4,kg/ha,E,Estimated value,3901.0,296854.0,0.0131411400890673,0.0185836550910278,,,,,,,,,,
1995,"Other vegetables, fresh n.e.c.",Lesotho,6670.0,kg/ha,E,Estimated value,2998.0,122624.0,0.0244487212943632,0.0131411400890673,,,,,,,,,,
1996,"Other vegetables, fresh n.e.c.",Lesotho,6671.6,kg/ha,E,Estimated value,3447.0,243276.0,0.0141690918956247,0.0244487212943632,,,,,,,,,,
1997,"Other vegetables, fresh n.e.c.",Lesotho,6681.6,kg/ha,E,Estimated value,3293.0,232031.0,0.0141920691631721,0.0141690918956247,,,,,,,,,,
1998,"Other vegetables, fresh n.e.c.",Lesotho,6666.7,kg/ha,E,Estimated value,2700.0,152407.0,0.0177157217188186,0.0141920691631721,,,,,,,,,,
1999,"Other vegetables, fresh n.e.c.",Lesotho,6785.7,kg/ha,E,Estimated value,2800.0,214400.0,0.0130597014925373,0.0177157217188186,,,,,,,,,,
2000,"Other vegetables, fresh n.e.c.",Lesotho,6896.6,kg/ha,E,Estimated value,2900.0,239442.0,0.0121114925535202,0.0130597014925373,,,,,,,,,,
2001,"Other vegetables, fresh n.e.c.",Lesotho,6875.0,kg/ha,E,Estimated value,3200.0,288090.0,0.0111076399736193,0.0121114925535202,,,,,,,,,,
2002,"Other vegetables, fresh n.e.c.",Lesotho,7272.7,kg/ha,E,Estimated value,3300.0,234332.0,0.0140825836846866,0.0111076399736193,,,,,,,,,,
2003,"Other vegetables, fresh n.e.c.",Lesotho,7941.2,kg/ha,E,Estimated value,3400.0,223868.0,0.0151875212178605,0.0140825836846866,,,,,,,,,,
2004,"Other vegetables, fresh n.e.c.",Lesotho,8285.7,kg/ha,E,Estimated value,3500.0,208114.0,0.0168177056805404,0.0151875212178605,,,,,,,,,,
2005,"Other vegetables, fresh n.e.c.",Lesotho,8216.1,kg/ha,E,Estimated value,3895.0,188873.0,0.0206223229365764,0.0168177056805404,,,,,,,,,,
2006,"Other vegetables, fresh n.e.c.",Lesotho,8108.1,kg/ha,E,Estimated value,3700.0,222913.0,0.0165984038615962,0.0206223229365764,,,,,,,,,,
2007,"Other vegetables, fresh n.e.c.",Lesotho,8421.1,kg/ha,E,Estimated value,3800.0,211573.0,0.0179607038705316,0.0165984038615962,,,,,,,,,,
2008,"Other vegetables, fresh n.e.c.",Lesotho,8750.0,kg/ha,E,Estimated value,4000.0,222592.0,0.0179700977573318,0.0179607038705316,,,,,,,,,,
2009,"Other vegetables, fresh n.e.c.",Lesotho,8717.3,kg/ha,E,Estimated value,3668.0,207677.0,0.0176620424986878,0.0179700977573318,,,,,,,,,,
2010,"Other vegetables, fresh n.e.c.",Lesotho,8726.0,kg/ha,E,Estimated value,3500.0,232964.0,0.0150237804982744,0.0176620424986878,,,,,,,,,,
2011,"Other vegetables, fresh n.e.c.",Lesotho,8739.5,kg/ha,E,Estimated value,3563.0,189769.0,0.0187754585838572,0.0150237804982744,,,,,,,,,,
2012,"Other vegetables, fresh n.e.c.",Lesotho,8787.9,kg/ha,E,Estimated value,3300.0,185798.0,0.0177612245557002,0.0187754585838572,,,,,,,,,,
2013,"Other vegetables, fresh n.e.c.",Lesotho,8695.4,kg/ha,E,Estimated value,3628.0,174827.0,0.0207519433497114,0.0177612245557002,,,,,,,,,,
2014,"Other vegetables, fresh n.e.c.",Lesotho,8595.0,kg/ha,E,Estimated value,3767.0,203715.0,0.0184915200157082,0.0207519433497114,,,,,,,,,,
2015,"Other vegetables, fresh n.e.c.",Lesotho,8935.4,kg/ha,E,Estimated value,3595.0,158503.0,0.0226809587200242,0.0184915200157082,,,,,,,,,,
2016,"Other vegetables, fresh n.e.c.",Lesotho,9115.5,kg/ha,E,Estimated value,3515.0,73491.0,0.0478289858622144,0.0226809587200242,,,,,,,,,,
2017,"Other vegetables, fresh n.e.c.",Lesotho,9239.1,kg/ha,E,Estimated value,3485.0,255905.0,0.0136183349289775,0.0478289858622144,,,,,,,,,,
2018,"Other vegetables, fresh n.e.c.",Lesotho,9355.1,kg/ha,E,Estimated value,3452.0,259758.0,0.013289292341333,0.0136183349289775,,,,,,,,,,
2019,"Other vegetables, fresh n.e.c.",Lesotho,9460.9,kg/ha,E,Estimated value,3432.0,67354.0,0.0509546574813671,0.013289292341333,,,,,,,,,,
2020,"Other vegetables, fresh n.e.c.",Lesotho,9391.3,kg/ha,E,Estimated value,3530.0,90888.0,0.0388390106504709,0.0509546574813671,,,,,,,,,,
2021,"Other vegetables, fresh n.e.c.",Lesotho,9382.2,kg/ha,E,Estimated value,3508.0,157341.0,0.0222955237350722,0.0388390106504709,,,,,,,,,,
2022,"Other vegetables, fresh n.e.c.",Lesotho,9412.8,kg/ha,E,Estimated value,3510.0,149453.0,0.0234856443162733,0.0222955237350722,,,,,,,,,,
2023,"Other vegetables, fresh n.e.c.",Lesotho,9457.0,kg/ha,E,Estimated value,3506.0,213938.0,0.0163879254737353,0.0234856443162733,,,,,,,,,,
1961,"Peas, dry",Lesotho,712.7,kg/ha,A,Official figure,16871.0,297595.0,0.056691140644164,,,,,,,,,,,
1962,"Peas, dry",Lesotho,625.0,kg/ha,E,Estimated value,12000.0,296430.0,0.040481732618156,0.056691140644164,,,,,,,,,,
1963,"Peas, dry",Lesotho,590.9,kg/ha,E,Estimated value,11000.0,295485.0,0.0372269319931637,0.040481732618156,,,,,,,,,,
1964,"Peas, dry",Lesotho,545.5,kg/ha,E,Estimated value,11000.0,298045.0,0.0369071784462077,0.0372269319931637,,,,,,,,,,
1965,"Peas, dry",Lesotho,500.0,kg/ha,A,Official figure,13200.0,310485.0,0.0425141311174452,0.0369071784462077,,,,,,,,,,
1966,"Peas, dry",Lesotho,590.9,kg/ha,A,Official figure,12800.0,303855.0,0.0421253558440703,0.0425141311174452,,,,,,,,,,
1967,"Peas, dry",Lesotho,551.8,kg/ha,A,Official figure,12100.0,316155.0,0.0382723664025557,0.0421253558440703,,,,,,,,,,
1968,"Peas, dry",Lesotho,582.9,kg/ha,A,Official figure,11126.0,338138.0,0.032903725697792,0.0382723664025557,,,,,,,,,,
1969,"Peas, dry",Lesotho,452.6,kg/ha,A,Official figure,10485.0,339045.0,0.0309250984382604,0.032903725697792,,,,,,,,,,
1970,"Peas, dry",Lesotho,365.6,kg/ha,A,Official figure,12195.0,335746.0,0.0363221006355995,0.0309250984382604,,,,,,,,,,
1971,"Peas, dry",Lesotho,416.7,kg/ha,A,Official figure,12000.0,351487.0,0.034140665230862,0.0363221006355995,,,,,,,,,,
1972,"Peas, dry",Lesotho,300.0,kg/ha,A,Official figure,10000.0,303892.0,0.0329064272833769,0.034140665230862,,,,,,,,,,
1973,"Peas, dry",Lesotho,400.0,kg/ha,A,Official figure,10000.0,285650.0,0.0350078767722737,0.0329064272833769,,,,,,,,,,
1974,"Peas, dry",Lesotho,703.7,kg/ha,A,Official figure,10200.0,327117.0,0.0311815038655893,0.0350078767722737,,,,,,,,,,
1975,"Peas, dry",Lesotho,579.8,kg/ha,A,Official figure,9982.0,263651.0,0.0378606567014727,0.0311815038655893,,,,,,,,,,
1976,"Peas, dry",Lesotho,568.7,kg/ha,A,Official figure,10134.0,232715.0,0.0435468276647401,0.0378606567014727,,,,,,,,,,
1977,"Peas, dry",Lesotho,990.6,kg/ha,A,Official figure,7099.0,194638.0,0.0364728367533575,0.0435468276647401,,,,,,,,,,
1978,"Peas, dry",Lesotho,1018.2,kg/ha,A,Official figure,4348.0,227587.0,0.0191047819075782,0.0364728367533575,,,,,,,,,,
1979,"Peas, dry",Lesotho,1202.4,kg/ha,A,Official figure,5702.0,223478.0,0.0255148157760495,0.0191047819075782,,,,,,,,,,
1980,"Peas, dry",Lesotho,775.6,kg/ha,A,Official figure,5882.0,222543.0,0.0264308470722512,0.0255148157760495,,,,,,,,,,
1981,"Peas, dry",Lesotho,683.0,kg/ha,A,Official figure,4682.0,226116.0,0.0207061862053105,0.0264308470722512,,,,,,,,,,
1982,"Peas, dry",Lesotho,492.9,kg/ha,A,Official figure,9180.0,218752.0,0.0419653306026916,0.0207061862053105,,,,,,,,,,
1983,"Peas, dry",Lesotho,387.4,kg/ha,A,Official figure,8691.0,202502.0,0.0429180946361023,0.0419653306026916,,,,,,,,,,
1984,"Peas, dry",Lesotho,460.6,kg/ha,A,Official figure,7900.0,227286.0,0.0347579701345441,0.0429180946361023,,,,,,,,,,
1985,"Peas, dry",Lesotho,451.6,kg/ha,A,Official figure,7257.0,254977.0,0.0284613906352337,0.0347579701345441,,,,,,,,,,
1986,"Peas, dry",Lesotho,428.9,kg/ha,A,Official figure,3502.0,224160.0,0.0156227694503925,0.0284613906352337,,,,,,,,,,
1987,"Peas, dry",Lesotho,385.7,kg/ha,A,Official figure,3803.0,268665.0,0.0141551746598924,0.0156227694503925,,,,,,,,,,
1988,"Peas, dry",Lesotho,481.1,kg/ha,A,Official figure,5329.0,319375.0,0.0166857142857142,0.0141551746598924,,,,,,,,,,
1989,"Peas, dry",Lesotho,978.7,kg/ha,A,Official figure,1505.0,245911.0,0.0061201003615129,0.0166857142857142,,,,,,,,,,
1990,"Peas, dry",Lesotho,236.2,kg/ha,A,Official figure,11859.0,258815.0,0.045820373625949,0.0061201003615129,,,,,,,,,,
1991,"Peas, dry",Lesotho,74.7,kg/ha,A,Official figure,10828.0,174434.0,0.0620750541752181,0.045820373625949,,,,,,,,,,
1992,"Peas, dry",Lesotho,560.0,kg/ha,A,Official figure,3509.0,171796.0,0.0204253882511816,0.0620750541752181,,,,,,,,,,
1993,"Peas, dry",Lesotho,543.3,kg/ha,A,Official figure,1710.0,174562.0,0.0097959464259117,0.0204253882511816,,,,,,,,,,
1994,"Peas, dry",Lesotho,308.6,kg/ha,A,Official figure,4407.0,296854.0,0.0148456817155908,0.0097959464259117,,,,,,,,,,
1995,"Peas, dry",Lesotho,287.2,kg/ha,A,Official figure,3743.0,122624.0,0.0305242040709812,0.0148456817155908,,,,,,,,,,
1996,"Peas, dry",Lesotho,918.1,kg/ha,A,Official figure,4408.0,243276.0,0.0181193377069665,0.0305242040709812,,,,,,,,,,
1997,"Peas, dry",Lesotho,751.2,kg/ha,A,Official figure,4514.0,232031.0,0.0194542970551348,0.0181193377069665,,,,,,,,,,
1998,"Peas, dry",Lesotho,655.5,kg/ha,A,Official figure,7481.0,152407.0,0.0490856719179565,0.0194542970551348,,,,,,,,,,
1999,"Peas, dry",Lesotho,853.2,kg/ha,A,Official figure,7535.0,214400.0,0.0351445895522388,0.0490856719179565,,,,,,,,,,
2000,"Peas, dry",Lesotho,747.5,kg/ha,A,Official figure,6421.0,239442.0,0.0268165150641909,0.0351445895522388,,,,,,,,,,
2001,"Peas, dry",Lesotho,822.8,kg/ha,A,Official figure,7814.0,288090.0,0.0271234683605817,0.0268165150641909,,,,,,,,,,
2002,"Peas, dry",Lesotho,338.3,kg/ha,A,Official figure,11307.0,234332.0,0.0482520526432582,0.0271234683605817,,,,,,,,,,
2003,"Peas, dry",Lesotho,299.4,kg/ha,A,Official figure,9076.0,223868.0,0.0405417478156771,0.0482520526432582,,,,,,,,,,
2004,"Peas, dry",Lesotho,433.2,kg/ha,A,Official figure,3456.0,208114.0,0.0166062830948422,0.0405417478156771,,,,,,,,,,
2005,"Peas, dry",Lesotho,415.8,kg/ha,A,Official figure,4447.0,188873.0,0.0235449217198858,0.0166062830948422,,,,,,,,,,
2006,"Peas, dry",Lesotho,444.1,kg/ha,A,Official figure,4447.0,222913.0,0.0199494870195995,0.0235449217198858,,,,,,,,,,
2007,"Peas, dry",Lesotho,299.3,kg/ha,A,Official figure,1851.0,211573.0,0.0087487533853563,0.0199494870195995,,,,,,,,,,
2008,"Peas, dry",Lesotho,599.6,kg/ha,A,Official figure,1641.0,222592.0,0.0073722326049453,0.0087487533853563,,,,,,,,,,
2009,"Peas, dry",Lesotho,689.0,kg/ha,A,Official figure,2032.0,207677.0,0.0097844248520539,0.0073722326049453,,,,,,,,,,
2010,"Peas, dry",Lesotho,651.6,kg/ha,A,Official figure,2107.0,232964.0,0.0090443158599611,0.0097844248520539,,,,,,,,,,
2011,"Peas, dry",Lesotho,508.2,kg/ha,A,Official figure,1340.0,189769.0,0.0070612165316779,0.0090443158599611,,,,,,,,,,
2012,"Peas, dry",Lesotho,452.7,kg/ha,E,Estimated value,1279.0,185798.0,0.0068838200626486,0.0070612165316779,,,,,,,,,,
2013,"Peas, dry",Lesotho,429.8,kg/ha,E,Estimated value,1433.0,174827.0,0.0081966744267189,0.0068838200626486,,,,,,,,,,
2014,"Peas, dry",Lesotho,335.7,kg/ha,A,Official figure,831.0,203715.0,0.0040792283337014,0.0081966744267189,,,,,,,,,,
2015,"Peas, dry",Lesotho,257.7,kg/ha,A,Official figure,1071.0,158503.0,0.0067569698996233,0.0040792283337014,,,,,,,,,,
2016,"Peas, dry",Lesotho,323.7,kg/ha,A,Official figure,1029.0,73491.0,0.0140017144956525,0.0067569698996233,,,,,,,,,,
2017,"Peas, dry",Lesotho,607.3,kg/ha,A,Official figure,1459.0,255905.0,0.005701334479592,0.0140017144956525,,,,,,,,,,
2018,"Peas, dry",Lesotho,393.1,kg/ha,A,Official figure,1221.0,259758.0,0.0047005289538724,0.005701334479592,,,,,,,,,,
2019,"Peas, dry",Lesotho,588.5,kg/ha,A,Official figure,243.0,67354.0,0.0036078035454464,0.0047005289538724,,,,,,,,,,
2020,"Peas, dry",Lesotho,9.6,kg/ha,A,Official figure,1770.0,90888.0,0.0194745180881964,0.0036078035454464,,,,,,,,,,
2021,"Peas, dry",Lesotho,512.5,kg/ha,A,Official figure,923.0,157341.0,0.0058662395688345,0.0194745180881964,,,,,,,,,,
2022,"Peas, dry",Lesotho,342.1,kg/ha,A,Official figure,1371.0,149453.0,0.0091734525235358,0.0058662395688345,,,,,,,,,,
2023,"Peas, dry",Lesotho,374.6,kg/ha,A,Official figure,953.0,213938.0,0.0044545616019594,0.0091734525235358,,,,,,,,,,
1961,Potatoes,Lesotho,15000.0,kg/ha,E,Estimated value,200.0,297595.0,0.0006720543019876,,,,,,,,,,,
1962,Potatoes,Lesotho,15000.0,kg/ha,E,Estimated value,200.0,296430.0,0.0006746955436359,0.0006720543019876,,,,,,,,,,
1963,Potatoes,Lesotho,15000.0,kg/ha,E,Estimated value,200.0,295485.0,0.0006768533089666,0.0006746955436359,,,,,,,,,,
1964,Potatoes,Lesotho,15000.0,kg/ha,E,Estimated value,200.0,298045.0,0.0006710396081128,0.0006768533089666,,,,,,,,,,
1965,Potatoes,Lesotho,15000.0,kg/ha,E,Estimated value,200.0,310485.0,0.0006441535017794,0.0006710396081128,,,,,,,,,,
1966,Potatoes,Lesotho,14000.0,kg/ha,E,Estimated value,250.0,303855.0,0.0008227608563294,0.0006441535017794,,,,,,,,,,
1967,Potatoes,Lesotho,14000.0,kg/ha,E,Estimated value,250.0,316155.0,0.0007907513719536,0.0008227608563294,,,,,,,,,,
1968,Potatoes,Lesotho,14000.0,kg/ha,E,Estimated value,250.0,338138.0,0.000739343108435,0.0007907513719536,,,,,,,,,,
1969,Potatoes,Lesotho,14000.0,kg/ha,E,Estimated value,250.0,339045.0,0.0007373652465012,0.000739343108435,,,,,,,,,,
1970,Potatoes,Lesotho,13333.3,kg/ha,E,Estimated value,300.0,335746.0,0.0008935326109618,0.0007373652465012,,,,,,,,,,
1971,Potatoes,Lesotho,13333.3,kg/ha,E,Estimated value,300.0,351487.0,0.0008535166307715,0.0008935326109618,,,,,,,,,,
1972,Potatoes,Lesotho,13333.3,kg/ha,E,Estimated value,300.0,303892.0,0.0009871928185013,0.0008535166307715,,,,,,,,,,
1973,Potatoes,Lesotho,12857.1,kg/ha,E,Estimated value,350.0,285650.0,0.0012252756870295,0.0009871928185013,,,,,,,,,,
1974,Potatoes,Lesotho,12857.1,kg/ha,E,Estimated value,350.0,327117.0,0.0010699535640153,0.0012252756870295,,,,,,,,,,
1975,Potatoes,Lesotho,12973.0,kg/ha,E,Estimated value,370.0,263651.0,0.0014033703646107,0.0010699535640153,,,,,,,,,,
1976,Potatoes,Lesotho,13052.6,kg/ha,E,Estimated value,380.0,232715.0,0.0016328986098876,0.0014033703646107,,,,,,,,,,
1977,Potatoes,Lesotho,13333.3,kg/ha,E,Estimated value,600.0,194638.0,0.0030826457320769,0.0016328986098876,,,,,,,,,,
1978,Potatoes,Lesotho,12500.0,kg/ha,E,Estimated value,800.0,227587.0,0.0035151392654237,0.0030826457320769,,,,,,,,,,
1979,Potatoes,Lesotho,15000.0,kg/ha,E,Estimated value,1000.0,223478.0,0.004474713394607,0.0035151392654237,,,,,,,,,,
1980,Potatoes,Lesotho,15000.0,kg/ha,E,Estimated value,1200.0,222543.0,0.0053922163357193,0.004474713394607,,,,,,,,,,
1981,Potatoes,Lesotho,15000.0,kg/ha,E,Estimated value,1200.0,226116.0,0.005307010560951,0.0053922163357193,,,,,,,,,,
1982,Potatoes,Lesotho,14285.7,kg/ha,E,Estimated value,1400.0,218752.0,0.0063999414862492,0.005307010560951,,,,,,,,,,
1983,Potatoes,Lesotho,14666.7,kg/ha,E,Estimated value,1500.0,202502.0,0.0074073342485506,0.0063999414862492,,,,,,,,,,
1984,Potatoes,Lesotho,15625.0,kg/ha,E,Estimated value,1600.0,227286.0,0.0070395888880089,0.0074073342485506,,,,,,,,,,
1985,Potatoes,Lesotho,15555.6,kg/ha,E,Estimated value,1800.0,254977.0,0.0070594602650435,0.0070395888880089,,,,,,,,,,
1986,Potatoes,Lesotho,15000.0,kg/ha,E,Estimated value,2000.0,224160.0,0.008922198429693,0.0070594602650435,,,,,,,,,,
1987,Potatoes,Lesotho,15217.4,kg/ha,E,Estimated value,2300.0,268665.0,0.0085608471516572,0.008922198429693,,,,,,,,,,
1988,Potatoes,Lesotho,15200.0,kg/ha,E,Estimated value,2500.0,319375.0,0.0078277886497064,0.0085608471516572,,,,,,,,,,
1989,Potatoes,Lesotho,15517.2,kg/ha,E,Estimated value,2900.0,245911.0,0.0117928844175331,0.0078277886497064,,,,,,,,,,
1990,Potatoes,Lesotho,17690.5,kg/ha,E,Estimated value,2549.0,258815.0,0.0098487336514498,0.0117928844175331,,,,,,,,,,
1991,Potatoes,Lesotho,15625.0,kg/ha,E,Estimated value,3200.0,174434.0,0.0183450474104819,0.0098487336514498,,,,,,,,,,
1992,Potatoes,Lesotho,14864.9,kg/ha,E,Estimated value,3700.0,171796.0,0.0215371719946913,0.0183450474104819,,,,,,,,,,
1993,Potatoes,Lesotho,15000.0,kg/ha,E,Estimated value,4000.0,174562.0,0.0229144945635361,0.0215371719946913,,,,,,,,,,
1994,Potatoes,Lesotho,15555.6,kg/ha,E,Estimated value,4500.0,296854.0,0.0151589670342996,0.0229144945635361,,,,,,,,,,
1995,Potatoes,Lesotho,15629.9,kg/ha,E,Estimated value,4545.0,122624.0,0.0370645224425887,0.0151589670342996,,,,,,,,,,
1996,Potatoes,Lesotho,15730.5,kg/ha,E,Estimated value,4663.0,243276.0,0.0191675298837534,0.0370645224425887,,,,,,,,,,
1997,Potatoes,Lesotho,15957.4,kg/ha,E,Estimated value,4700.0,232031.0,0.0202559140804461,0.0191675298837534,,,,,,,,,,
1998,Potatoes,Lesotho,16000.0,kg/ha,E,Estimated value,5000.0,152407.0,0.0328068920718864,0.0202559140804461,,,,,,,,,,
1999,Potatoes,Lesotho,16346.2,kg/ha,E,Estimated value,5200.0,214400.0,0.0242537313432835,0.0328068920718864,,,,,,,,,,
2000,Potatoes,Lesotho,16415.1,kg/ha,E,Estimated value,5300.0,239442.0,0.0221347967357439,0.0242537313432835,-9999.0,21.42132314258884,0.3933990380864417,2.095530065328809,63.62415747852148,11777188.359269124,62.50075137505385,356.2606440187503,2795.968280862523,221.19789449283704
2001,Potatoes,Lesotho,16296.3,kg/ha,E,Estimated value,5400.0,288090.0,0.0187441424554826,0.0221347967357439,-9999.0,23.14671593036056,0.3965871963643983,2.371527659909968,63.84330348125052,11742026.313347068,62.50075137505385,356.2606440187503,2795.968280862523,221.19789449283704
2002,Potatoes,Lesotho,16267.5,kg/ha,E,Estimated value,5533.0,234332.0,0.023611798644658,0.0187441424554826,-9999.0,22.511321068560857,0.3895387769613709,1.91484927947351,62.42560041462703,12211718.768349102,62.50075137505385,356.2606440187503,2795.968280862523,221.19789449283704
2003,Potatoes,Lesotho,16286.3,kg/ha,E,Estimated value,5586.0,223868.0,0.0249522039773437,0.023611798644658,-9999.0,24.0942428039822,0.3791303619769131,1.588012810720998,56.06455760586465,12374496.76962759,62.50075137505385,356.2606440187503,2795.968280862523,221.19789449283704
2004,Potatoes,Lesotho,16350.5,kg/ha,E,Estimated value,5561.0,208114.0,0.0267209317969958,0.0249522039773437,-9999.0,23.408622019732125,0.3914742034048706,2.051693781947938,60.03788654622928,12068751.069653576,62.50075137505385,356.2606440187503,2795.968280862523,221.19789449283704
2005,Potatoes,Lesotho,16396.7,kg/ha,E,Estimated value,5591.0,188873.0,0.0296019018070343,0.0267209317969958,-9999.0,23.64258061674836,0.3902454204174054,1.9082637999407448,56.92086955200378,12151570.28959807,62.50075137505385,356.2606440187503,2795.968280862523,221.19789449283704
2006,Potatoes,Lesotho,16464.7,kg/ha,E,Estimated value,5635.0,222913.0,0.0252789204757012,0.0296019018070343,-9999.0,21.787814852522462,0.4146103992763351,2.460054446856231,64.35689629191086,11548103.75143518,62.50075137505385,356.2606440187503,2795.968280862523,221.19789449283704
2007,Potatoes,Lesotho,16607.1,kg/ha,E,Estimated value,5600.0,211573.0,0.0264684057039414,0.0252789204757012,-9999.0,23.913434415214503,0.3621127122190189,1.9003915492622687,52.50316525632471,12457479.685319709,62.50075137505385,356.2606440187503,2795.968280862523,221.19789449283704
2008,Potatoes,Lesotho,16637.9,kg/ha,E,Estimated value,5800.0,222592.0,0.0260566417481311,0.0264684057039414,-9999.0,23.438826700808484,0.3877846403640074,1.9674013956265943,55.550928479871615,12267863.688627211,62.50075137505385,356.2606440187503,2795.968280862523,221.19789449283704
2009,Potatoes,Lesotho,15964.9,kg/ha,E,Estimated value,5700.0,207677.0,0.0274464673507417,0.0260566417481311,-9999.0,22.65881062062681,0.3952122302892322,2.0060733240442943,57.59848224460284,11948825.237700006,62.50075137505385,356.2606440187503,2795.968280862523,221.19789449283704
2010,Potatoes,Lesotho,16500.0,kg/ha,E,Estimated value,6000.0,232964.0,0.0257550522827561,0.0274464673507417,-9999.0,23.776155767872872,0.3885760206961814,2.148128908488684,54.62567787016801,12121151.578453382,62.50075137505385,356.2606440187503,2795.968280862523,221.19789449283704
2011,Potatoes,Lesotho,16470.6,kg/ha,E,Estimated value,6800.0,189769.0,0.0358330391159778,0.0257550522827561,-9999.0,22.27017452692317,0.3976950184574155,2.0153852774568417,58.265276598209816,12038699.294449894,62.50075137505385,356.2606440187503,2795.968280862523,221.19789449283704
2012,Potatoes,Lesotho,16428.6,kg/ha,E,Estimated value,7000.0,185798.0,0.0376753248151218,0.0358330391159778,-9999.0,23.019823258276656,0.3896746690167666,2.0066639603304823,55.27185906828694,12262665.53543197,62.50075137505385,356.2606440187503,2795.968280862523,221.19789449283704
2013,Potatoes,Lesotho,17361.1,kg/ha,E,Estimated value,7200.0,174827.0,0.0411835700435287,0.0376753248151218,-9999.0,24.400811637312906,0.3754118432943845,1.8129881882144705,48.517745069059934,12427983.4840825,62.50075137505385,356.2606440187503,2795.968280862523,221.19789449283704
2014,Potatoes,Lesotho,17107.4,kg/ha,E,Estimated value,7689.0,203715.0,0.0377439069287975,0.0411835700435287,-9999.0,23.53873714269873,0.3885781578909378,1.8786540449436864,52.05705036387174,12253229.800537225,62.50075137505385,356.2606440187503,2795.968280862523,221.19789449283704
2015,Potatoes,Lesotho,16881.7,kg/ha,E,Estimated value,7288.0,158503.0,0.0459802022674649,0.0377439069287975,-9999.0,25.473415526945264,0.3704916315427618,1.5508096459039835,49.32780627474044,12649874.72109842,62.50075137505385,356.2606440187503,2795.968280862523,221.19789449283704
2016,Potatoes,Lesotho,18012.1,kg/ha,E,Estimated value,7024.0,73491.0,0.0955763290743084,0.0459802022674649,-9999.0,24.66946959932828,0.3785982193602492,1.7886575687959123,53.95982130426683,12318525.56790794,62.50075137505385,356.2606440187503,2795.968280862523,221.19789449283704
2017,Potatoes,Lesotho,17691.1,kg/ha,E,Estimated value,7275.0,255905.0,0.0284285183954983,0.0955763290743084,-9999.0,24.2192017583744,0.385774414409147,1.869037051331582,52.5224177135142,12185854.775536738,62.50075137505385,356.2606440187503,2795.968280862523,221.19789449283704
2018,Potatoes,Lesotho,17587.3,kg/ha,E,Estimated value,7469.0,259758.0,0.0287536861232377,0.0284285183954983,-9999.0,24.37208776488083,0.3849501455689283,2.0483388481555584,52.27877203525688,12491235.435401872,62.50075137505385,356.2606440187503,2795.968280862523,221.19789449283704
2019,Potatoes,Lesotho,18599.5,kg/ha,E,Estimated value,7256.0,67354.0,0.1077293108055943,0.0287536861232377,-9999.0,26.083097589410176,0.3714629904420837,1.895001781267572,45.52129466725185,12642571.25548139,62.50075137505385,356.2606440187503,2795.968280862523,221.19789449283704
2020,Potatoes,Lesotho,17955.5,kg/ha,E,Estimated value,7333.0,90888.0,0.0806817181586128,0.1077293108055943,-9999.0,23.296985001007645,0.4068825894538868,2.1400281023535643,53.909134240217725,12146057.38512687,62.50075137505385,356.2606440187503,2795.968280862523,221.19789449283704
2021,Potatoes,Lesotho,18042.6,kg/ha,E,Estimated value,7353.0,157341.0,0.0467328922531317,0.0806817181586128,7.905099911796773,22.10291244910049,0.4082699635073734,1.922727977986128,56.56448148694974,11883193.85983266,62.50075137505385,356.2606440187503,2795.968280862523,221.19789449283704
2022,Potatoes,Lesotho,18197.6,kg/ha,E,Estimated value,7314.0,149453.0,0.0489384622590379,0.0467328922531317,8.474896571905738,20.59081065129222,0.4291711964726186,2.634098822237009,61.20155727214621,11683169.196492258,62.50075137505385,356.2606440187503,2795.968280862523,221.19789449283704
2023,Potatoes,Lesotho,18065.1,kg/ha,E,Estimated value,7334.0,213938.0,0.0342809599042713,0.0489384622590379,7.622949779346055,21.352765329386106,0.4239557895572053,2.1654318455862853,57.41139400678172,12070132.284950756,62.50075137505385,356.2606440187503,2795.968280862523,221.19789449283704
1961,Sorghum,Lesotho,846.2,kg/ha,E,Estimated value,65000.0,297595.0,0.2184176481459702,,,,,,,,,,,
1962,Sorghum,Lesotho,846.2,kg/ha,E,Estimated value,65000.0,296430.0,0.2192760516816786,0.2184176481459702,,,,,,,,,,
1963,Sorghum,Lesotho,846.2,kg/ha,E,Estimated value,65000.0,295485.0,0.2199773254141496,0.2192760516816786,,,,,,,,,,
1964,Sorghum,Lesotho,846.2,kg/ha,E,Estimated value,65000.0,298045.0,0.2180878726366824,0.2199773254141496,,,,,,,,,,
1965,Sorghum,Lesotho,927.8,kg/ha,A,Official figure,58200.0,310485.0,0.1874486690178269,0.2180878726366824,,,,,,,,,,
1966,Sorghum,Lesotho,826.4,kg/ha,A,Official figure,65100.0,303855.0,0.2142469269882016,0.1874486690178269,,,,,,,,,,
1967,Sorghum,Lesotho,829.6,kg/ha,A,Official figure,66300.0,316155.0,0.2097072638421027,0.2142469269882016,,,,,,,,,,
1968,Sorghum,Lesotho,708.4,kg/ha,A,Official figure,70562.0,338138.0,0.2086781136695668,0.2097072638421027,,,,,,,,,,
1969,Sorghum,Lesotho,672.5,kg/ha,A,Official figure,71771.0,339045.0,0.211685764426551,0.2086781136695668,,,,,,,,,,
1970,Sorghum,Lesotho,689.1,kg/ha,A,Official figure,82568.0,335746.0,0.2459240020729956,0.211685764426551,,,,,,,,,,
1971,Sorghum,Lesotho,752.9,kg/ha,A,Official figure,85000.0,351487.0,0.2418297120519393,0.2459240020729956,,,,,,,,,,
1972,Sorghum,Lesotho,332.8,kg/ha,A,Official figure,60100.0,303892.0,0.1977676279730957,0.2418297120519393,,,,,,,,,,
1973,Sorghum,Lesotho,671.9,kg/ha,A,Official figure,64000.0,285650.0,0.224050411342552,0.1977676279730957,,,,,,,,,,
1974,Sorghum,Lesotho,1009.0,kg/ha,A,Official figure,83267.0,327117.0,0.2545480668996108,0.224050411342552,,,,,,,,,,
1975,Sorghum,Lesotho,683.6,kg/ha,A,Official figure,54774.0,263651.0,0.2077519144626798,0.2545480668996108,,,,,,,,,,
1976,Sorghum,Lesotho,554.7,kg/ha,A,Official figure,44239.0,232715.0,0.190099477902155,0.2077519144626798,,,,,,,,,,
1977,Sorghum,Lesotho,1466.7,kg/ha,A,Official figure,42485.0,194638.0,0.2182770065454844,0.190099477902155,,,,,,,,,,
1978,Sorghum,Lesotho,1446.9,kg/ha,A,Official figure,59280.0,227587.0,0.2604718195679015,0.2182770065454844,,,,,,,,,,
1979,Sorghum,Lesotho,1345.3,kg/ha,A,Official figure,51255.0,223478.0,0.2293514350405856,0.2604718195679015,,,,,,,,,,
1980,Sorghum,Lesotho,966.6,kg/ha,A,Official figure,61333.0,222543.0,0.2756006704322311,0.2293514350405856,,,,,,,,,,
1981,Sorghum,Lesotho,795.3,kg/ha,A,Official figure,60016.0,226116.0,0.2654212881883634,0.2756006704322311,,,,,,,,,,
1982,Sorghum,Lesotho,544.5,kg/ha,A,Official figure,48044.0,218752.0,0.2196277062609713,0.2654212881883634,,,,,,,,,,
1983,Sorghum,Lesotho,659.4,kg/ha,A,Official figure,46537.0,202502.0,0.2298100759498671,0.2196277062609713,,,,,,,,,,
1984,Sorghum,Lesotho,617.5,kg/ha,A,Official figure,54682.0,227286.0,0.2405867497338155,0.2298100759498671,,,,,,,,,,
1985,Sorghum,Lesotho,725.6,kg/ha,A,Official figure,75559.0,254977.0,0.2963365323146794,0.2405867497338155,,,,,,,,,,
1986,Sorghum,Lesotho,644.3,kg/ha,A,Official figure,51929.0,224160.0,0.2316604211277659,0.2963365323146794,,,,,,,,,,
1987,Sorghum,Lesotho,440.5,kg/ha,A,Official figure,70909.0,268665.0,0.2639309176855935,0.2316604211277659,,,,,,,,,,
1988,Sorghum,Lesotho,700.0,kg/ha,A,Official figure,76355.0,319375.0,0.2390763209393346,0.2639309176855935,,,,,,,,,,
1989,Sorghum,Lesotho,768.9,kg/ha,A,Official figure,40499.0,245911.0,0.1646896641467848,0.2390763209393346,,,,,,,,,,
1990,Sorghum,Lesotho,1011.2,kg/ha,A,Official figure,35663.0,258815.0,0.1377934045553774,0.1646896641467848,,,,,,,,,,
1991,Sorghum,Lesotho,539.9,kg/ha,A,Official figure,18601.0,174434.0,0.1066363209007418,0.1377934045553774,,,,,,,,,,
1992,Sorghum,Lesotho,612.3,kg/ha,A,Official figure,31797.0,171796.0,0.185085799436541,0.1066363209007418,,,,,,,,,,
1993,Sorghum,Lesotho,1270.4,kg/ha,A,Official figure,40930.0,174562.0,0.2344725656213838,0.185085799436541,,,,,,,,,,
1994,Sorghum,Lesotho,875.6,kg/ha,A,Official figure,69350.0,296854.0,0.233616525295263,0.2344725656213838,,,,,,,,,,
1995,Sorghum,Lesotho,802.8,kg/ha,A,Official figure,8579.0,122624.0,0.0699618345511482,0.233616525295263,,,,,,,,,,
1996,Sorghum,Lesotho,859.1,kg/ha,A,Official figure,42054.0,243276.0,0.1728653874611552,0.0699618345511482,,,,,,,,,,
1997,Sorghum,Lesotho,805.6,kg/ha,A,Official figure,36058.0,232031.0,0.1554016489176015,0.1728653874611552,,,,,,,,,,
1998,Sorghum,Lesotho,1476.3,kg/ha,A,Official figure,15453.0,152407.0,0.1013929806373723,0.1554016489176015,,,,,,,,,,
1999,Sorghum,Lesotho,1108.9,kg/ha,A,Official figure,30067.0,214400.0,0.1402378731343283,0.1013929806373723,,,,,,,,,,
2000,Sorghum,Lesotho,1037.8,kg/ha,A,Official figure,25831.0,239442.0,0.1078799876379248,0.1402378731343283,-9999.0,21.42132314258884,0.3933990380864417,2.095530065328809,63.62415747852148,11777188.359269124,62.50075137505385,356.2606440187503,2795.968280862523,221.19789449283704
2001,Sorghum,Lesotho,864.0,kg/ha,A,Official figure,52490.0,288090.0,0.1822000069422749,0.1078799876379248,-9999.0,23.14671593036056,0.3965871963643983,2.371527659909968,63.84330348125052,11742026.313347068,62.50075137505385,356.2606440187503,2795.968280862523,221.19789449283704
2002,Sorghum,Lesotho,422.5,kg/ha,A,Official figure,28210.0,234332.0,0.120384753256064,0.1822000069422749,-9999.0,22.511321068560857,0.3895387769613709,1.91484927947351,62.42560041462703,12211718.768349102,62.50075137505385,356.2606440187503,2795.968280862523,221.19789449283704
2003,Sorghum,Lesotho,474.3,kg/ha,A,Official figure,25204.0,223868.0,0.112584201404399,0.120384753256064,-9999.0,24.0942428039822,0.3791303619769131,1.588012810720998,56.06455760586465,12374496.76962759,62.50075137505385,356.2606440187503,2795.968280862523,221.19789449283704
2004,Sorghum,Lesotho,393.3,kg/ha,A,Official figure,29192.0,208114.0,0.1402692754932392,0.112584201404399,-9999.0,23.408622019732125,0.3914742034048706,2.051693781947938,60.03788654622928,12068751.069653576,62.50075137505385,356.2606440187503,2795.968280862523,221.19789449283704
2005,Sorghum,Lesotho,624.0,kg/ha,A,Official figure,29689.0,188873.0,0.1571902813001329,0.1402692754932392,-9999.0,23.64258061674836,0.3902454204174054,1.9082637999407448,56.92086955200378,12151570.28959807,62.50075137505385,356.2606440187503,2795.968280862523,221.19789449283704
2006,Sorghum,Lesotho,329.0,kg/ha,A,Official figure,34421.0,222913.0,0.1544145025189199,0.1571902813001329,-9999.0,21.787814852522462,0.4146103992763351,2.460054446856231,64.35689629191086,11548103.75143518,62.50075137505385,356.2606440187503,2795.968280862523,221.19789449283704
2007,Sorghum,Lesotho,243.6,kg/ha,A,Official figure,32175.0,211573.0,0.1520751702721992,0.1544145025189199,-9999.0,23.913434415214503,0.3621127122190189,1.9003915492622687,52.50316525632471,12457479.685319709,62.50075137505385,356.2606440187503,2795.968280862523,221.19789449283704
2008,Sorghum,Lesotho,286.6,kg/ha,A,Official figure,35556.0,222592.0,0.1597361989649223,0.1520751702721992,-9999.0,23.438826700808484,0.3877846403640074,1.9674013956265943,55.550928479871615,12267863.688627211,62.50075137505385,356.2606440187503,2795.968280862523,221.19789449283704
2009,Sorghum,Lesotho,577.3,kg/ha,A,Official figure,17585.0,207677.0,0.0846747593618937,0.1597361989649223,-9999.0,22.65881062062681,0.3952122302892322,2.0060733240442943,57.59848224460284,11948825.237700006,62.50075137505385,356.2606440187503,2795.968280862523,221.19789449283704
2010,Sorghum,Lesotho,718.9,kg/ha,A,Official figure,33146.0,232964.0,0.1422794938273724,0.0846747593618937,-9999.0,23.776155767872872,0.3885760206961814,2.148128908488684,54.62567787016801,12121151.578453382,62.50075137505385,356.2606440187503,2795.968280862523,221.19789449283704
2011,Sorghum,Lesotho,509.2,kg/ha,A,Official figure,18864.0,189769.0,0.0994050661593832,0.1422794938273724,-9999.0,22.27017452692317,0.3976950184574155,2.0153852774568417,58.265276598209816,12038699.294449894,62.50075137505385,356.2606440187503,2795.968280862523,221.19789449283704
2012,Sorghum,Lesotho,134.3,kg/ha,A,Official figure,14151.0,185798.0,0.0761633602083983,0.0994050661593832,-9999.0,23.019823258276656,0.3896746690167666,2.0066639603304823,55.27185906828694,12262665.53543197,62.50075137505385,356.2606440187503,2795.968280862523,221.19789449283704
2013,Sorghum,Lesotho,305.1,kg/ha,E,Estimated value,22944.0,174827.0,0.1312383098720449,0.0761633602083983,-9999.0,24.400811637312906,0.3754118432943845,1.8129881882144705,48.517745069059934,12427983.4840825,62.50075137505385,356.2606440187503,2795.968280862523,221.19789449283704
2014,Sorghum,Lesotho,571.2,kg/ha,A,Official figure,21709.0,203715.0,0.1065655450015953,0.1312383098720449,-9999.0,23.53873714269873,0.3885781578909378,1.8786540449436864,52.05705036387174,12253229.800537225,62.50075137505385,356.2606440187503,2795.968280862523,221.19789449283704
2015,Sorghum,Lesotho,596.8,kg/ha,A,Official figure,15968.0,158503.0,0.1007425726957849,0.1065655450015953,-9999.0,25.473415526945264,0.3704916315427618,1.5508096459039835,49.32780627474044,12649874.72109842,62.50075137505385,356.2606440187503,2795.968280862523,221.19789449283704
2016,Sorghum,Lesotho,257.6,kg/ha,A,Official figure,4499.0,73491.0,0.0612183804819637,0.1007425726957849,-9999.0,24.66946959932828,0.3785982193602492,1.7886575687959123,53.95982130426683,12318525.56790794,62.50075137505385,356.2606440187503,2795.968280862523,221.19789449283704
2017,Sorghum,Lesotho,763.3,kg/ha,A,Official figure,44359.0,255905.0,0.1733416697602626,0.0612183804819637,-9999.0,24.2192017583744,0.385774414409147,1.869037051331582,52.5224177135142,12185854.775536738,62.50075137505385,356.2606440187503,2795.968280862523,221.19789449283704
2018,Sorghum,Lesotho,472.2,kg/ha,A,Official figure,85425.0,259758.0,0.3288637886032384,0.1733416697602626,-9999.0,24.37208776488083,0.3849501455689283,2.0483388481555584,52.27877203525688,12491235.435401872,62.50075137505385,356.2606440187503,2795.968280862523,221.19789449283704
2019,Sorghum,Lesotho,583.4,kg/ha,A,Official figure,14419.0,67354.0,0.2140778572913264,0.3288637886032384,-9999.0,26.083097589410176,0.3714629904420837,1.895001781267572,45.52129466725185,12642571.25548139,62.50075137505385,356.2606440187503,2795.968280862523,221.19789449283704
2020,Sorghum,Lesotho,299.6,kg/ha,A,Official figure,13721.0,90888.0,0.1509660241175952,0.2140778572913264,-9999.0,23.296985001007645,0.4068825894538868,2.1400281023535643,53.909134240217725,12146057.38512687,62.50075137505385,356.2606440187503,2795.968280862523,221.19789449283704
2021,Sorghum,Lesotho,795.5,kg/ha,A,Official figure,8466.0,157341.0,0.053806700097241,0.1509660241175952,7.905099911796773,22.10291244910049,0.4082699635073734,1.922727977986128,56.56448148694974,11883193.85983266,62.50075137505385,356.2606440187503,2795.968280862523,221.19789449283704
2022,Sorghum,Lesotho,260.2,kg/ha,A,Official figure,15420.0,149453.0,0.1031762493894401,0.053806700097241,8.474896571905738,20.59081065129222,0.4291711964726186,2.634098822237009,61.20155727214621,11683169.196492258,62.50075137505385,356.2606440187503,2795.968280862523,221.19789449283704
2023,Sorghum,Lesotho,535.7,kg/ha,A,Official figure,16965.0,213938.0,0.0792986753171479,0.1031762493894401,7.622949779346055,21.352765329386106,0.4239557895572053,2.1654318455862853,57.41139400678172,12070132.284950756,62.50075137505385,356.2606440187503,2795.968280862523,221.19789449283704
1961,Wheat,Lesotho,864.8,kg/ha,A,Official figure,66532.0,297595.0,0.2235655840991952,,,,,,,,,,,
1962,Wheat,Lesotho,785.7,kg/ha,E,Estimated value,70000.0,296430.0,0.236143440272577,0.2235655840991952,,,,,,,,,,
1963,Wheat,Lesotho,785.7,kg/ha,E,Estimated value,70000.0,295485.0,0.2368986581383149,0.236143440272577,,,,,,,,,,
1964,Wheat,Lesotho,771.4,kg/ha,E,Estimated value,70000.0,298045.0,0.2348638628395041,0.2368986581383149,,,,,,,,,,
1965,Wheat,Lesotho,716.3,kg/ha,A,Official figure,69800.0,310485.0,0.2248095721210364,0.2348638628395041,,,,,,,,,,
1966,Wheat,Lesotho,814.6,kg/ha,A,Official figure,71200.0,303855.0,0.2343222918826414,0.2248095721210364,,,,,,,,,,
1967,Wheat,Lesotho,681.2,kg/ha,A,Official figure,73400.0,316155.0,0.2321646028055858,0.2343222918826414,,,,,,,,,,
1968,Wheat,Lesotho,650.3,kg/ha,A,Official figure,82700.0,338138.0,0.2445747002703038,0.2321646028055858,,,,,,,,,,
1969,Wheat,Lesotho,627.1,kg/ha,A,Official figure,95200.0,339045.0,0.2807886858676577,0.2445747002703038,,,,,,,,,,
1970,Wheat,Lesotho,656.1,kg/ha,A,Official figure,87724.0,335746.0,0.2612808492133934,0.2807886858676577,,,,,,,,,,
1971,Wheat,Lesotho,609.3,kg/ha,A,Official figure,95030.0,351487.0,0.2703656180740681,0.2612808492133934,,,,,,,,,,
1972,Wheat,Lesotho,225.6,kg/ha,A,Official figure,106392.0,303892.0,0.3500980611533044,0.2703656180740681,,,,,,,,,,
1973,Wheat,Lesotho,480.0,kg/ha,A,Official figure,75000.0,285650.0,0.2625590757920532,0.3500980611533044,,,,,,,,,,
1974,Wheat,Lesotho,744.2,kg/ha,A,Official figure,76592.0,327117.0,0.2341425239287472,0.2625590757920532,,,,,,,,,,
1975,Wheat,Lesotho,822.5,kg/ha,A,Official figure,55118.0,263651.0,0.2090566696124801,0.2341425239287472,,,,,,,,,,
1976,Wheat,Lesotho,799.0,kg/ha,A,Official figure,55872.0,232715.0,0.2400876608727413,0.2090566696124801,,,,,,,,,,
1977,Wheat,Lesotho,1472.8,kg/ha,A,Official figure,41676.0,194638.0,0.2141205725500673,0.2400876608727413,,,,,,,,,,
1978,Wheat,Lesotho,1359.0,kg/ha,A,Official figure,42610.0,227587.0,0.1872251051246336,0.2141205725500673,,,,,,,,,,
1979,Wheat,Lesotho,952.5,kg/ha,A,Official figure,35307.0,223478.0,0.157988705823392,0.1872251051246336,,,,,,,,,,
1980,Wheat,Lesotho,973.8,kg/ha,A,Official figure,28952.0,222543.0,0.1300962061264564,0.157988705823392,,,,,,,,,,
1981,Wheat,Lesotho,852.5,kg/ha,A,Official figure,19932.0,226116.0,0.0881494454173963,0.1300962061264564,,,,,,,,,,
1982,Wheat,Lesotho,605.3,kg/ha,A,Official figure,23894.0,218752.0,0.1092287156231714,0.0881494454173963,,,,,,,,,,
1983,Wheat,Lesotho,510.6,kg/ha,A,Official figure,29004.0,202502.0,0.143228215029975,0.1092287156231714,,,,,,,,,,
1984,Wheat,Lesotho,580.3,kg/ha,A,Official figure,29513.0,227286.0,0.1298496167823799,0.143228215029975,,,,,,,,,,
1985,Wheat,Lesotho,508.2,kg/ha,A,Official figure,36270.0,254977.0,0.1422481243406268,0.1298496167823799,,,,,,,,,,
1986,Wheat,Lesotho,578.6,kg/ha,A,Official figure,19028.0,224160.0,0.0848857958600999,0.1422481243406268,,,,,,,,,,
1987,Wheat,Lesotho,671.9,kg/ha,A,Official figure,27603.0,268665.0,0.1027413321422589,0.0848857958600999,,,,,,,,,,
1988,Wheat,Lesotho,643.3,kg/ha,A,Official figure,29904.0,319375.0,0.0936328767123287,0.1027413321422589,,,,,,,,,,
1989,Wheat,Lesotho,680.4,kg/ha,A,Official figure,43650.0,245911.0,0.1775032430432148,0.0936328767123287,,,,,,,,,,
1990,Wheat,Lesotho,811.8,kg/ha,A,Official figure,40851.0,258815.0,0.1578386105905762,0.1775032430432148,,,,,,,,,,
1991,Wheat,Lesotho,195.9,kg/ha,A,Official figure,34933.0,174434.0,0.2002648566219888,0.1578386105905762,,,,,,,,,,
1992,Wheat,Lesotho,858.0,kg/ha,A,Official figure,13816.0,171796.0,0.0804209643996367,0.2002648566219888,,,,,,,,,,
1993,Wheat,Lesotho,733.0,kg/ha,A,Official figure,11088.0,174562.0,0.0635189789301222,0.0804209643996367,,,,,,,,,,
1994,Wheat,Lesotho,419.9,kg/ha,A,Official figure,28472.0,296854.0,0.0959124687556846,0.0635189789301222,,,,,,,,,,
1995,Wheat,Lesotho,616.6,kg/ha,A,Official figure,17195.0,122624.0,0.1402254044885177,0.0959124687556846,,,,,,,,,,
1996,Wheat,Lesotho,1410.8,kg/ha,A,Official figure,22186.0,243276.0,0.0911968299380127,0.1402254044885177,,,,,,,,,,
1997,Wheat,Lesotho,1629.1,kg/ha,A,Official figure,20700.0,232031.0,0.0892122173330287,0.0911968299380127,,,,,,,,,,
1998,Wheat,Lesotho,1481.0,kg/ha,A,Official figure,20014.0,152407.0,0.1313194275853471,0.0892122173330287,,,,,,,,,,
1999,Wheat,Lesotho,738.8,kg/ha,A,Official figure,20880.0,214400.0,0.0973880597014925,0.1313194275853471,,,,,,,,,,
2000,Wheat,Lesotho,654.7,kg/ha,A,Official figure,23744.0,239442.0,0.0991638893761328,0.0973880597014925,-9999.0,21.42132314258884,0.3933990380864417,2.095530065328809,63.62415747852148,11777188.359269124,62.50075137505385,356.2606440187503,2795.968280862523,221.19789449283704
2001,Wheat,Lesotho,2051.5,kg/ha,A,Official figure,24740.0,288090.0,0.0858759415460446,0.0991638893761328,-9999.0,23.14671593036056,0.3965871963643983,2.371527659909968,63.84330348125052,11742026.313347068,62.50075137505385,356.2606440187503,2795.968280862523,221.19789449283704
2002,Wheat,Lesotho,717.2,kg/ha,A,Official figure,36599.0,234332.0,0.1561843879623781,0.0858759415460446,-9999.0,22.511321068560857,0.3895387769613709,1.91484927947351,62.42560041462703,12211718.768349102,62.50075137505385,356.2606440187503,2795.968280862523,221.19789449283704
2003,Wheat,Lesotho,587.9,kg/ha,A,Official figure,37092.0,223868.0,0.1656869226508478,0.1561843879623781,-9999.0,24.0942428039822,0.3791303619769131,1.588012810720998,56.06455760586465,12374496.76962759,62.50075137505385,356.2606440187503,2795.968280862523,221.19789449283704
2004,Wheat,Lesotho,640.1,kg/ha,A,Official figure,25335.0,208114.0,0.1217361638332836,0.1656869226508478,-9999.0,23.408622019732125,0.3914742034048706,2.051693781947938,60.03788654622928,12068751.069653576,62.50075137505385,356.2606440187503,2795.968280862523,221.19789449283704
2005,Wheat,Lesotho,723.4,kg/ha,A,Official figure,19072.0,188873.0,0.1009779057885457,0.1217361638332836,-9999.0,23.64258061674836,0.3902454204174054,1.9082637999407448,56.92086955200378,12151570.28959807,62.50075137505385,356.2606440187503,2795.968280862523,221.19789449283704
2006,Wheat,Lesotho,360.2,kg/ha,A,Official figure,18345.0,222913.0,0.0822966807678332,0.1009779057885457,-9999.0,21.787814852522462,0.4146103992763351,2.460054446856231,64.35689629191086,11548103.75143518,62.50075137505385,356.2606440187503,2795.968280862523,221.19789449283704
2007,Wheat,Lesotho,200.2,kg/ha,A,Official figure,15774.0,211573.0,0.0745558270667807,0.0822966807678332,-9999.0,23.913434415214503,0.3621127122190189,1.9003915492622687,52.50316525632471,12457479.685319709,62.50075137505385,356.2606440187503,2795.968280862523,221.19789449283704
2008,Wheat,Lesotho,131.4,kg/ha,A,Official figure,20525.0,222592.0,0.0922090641173088,0.0745558270667807,-9999.0,23.438826700808484,0.3877846403640074,1.9674013956265943,55.550928479871615,12267863.688627211,62.50075137505385,356.2606440187503,2795.968280862523,221.19789449283704
2009,Wheat,Lesotho,230.2,kg/ha,A,Official figure,26493.0,207677.0,0.1275682911444214,0.0922090641173088,-9999.0,22.65881062062681,0.3952122302892322,2.0060733240442943,57.59848224460284,11948825.237700006,62.50075137505385,356.2606440187503,2795.968280862523,221.19789449283704
2010,Wheat,Lesotho,1469.3,kg/ha,A,Official figure,13693.0,232964.0,0.0587773218179632,0.1275682911444214,-9999.0,23.776155767872872,0.3885760206961814,2.148128908488684,54.62567787016801,12121151.578453382,62.50075137505385,356.2606440187503,2795.968280862523,221.19789449283704
2011,Wheat,Lesotho,996.5,kg/ha,A,Official figure,20136.0,189769.0,0.1061079522999014,0.0587773218179632,-9999.0,22.27017452692317,0.3976950184574155,2.0153852774568417,58.265276598209816,12038699.294449894,62.50075137505385,356.2606440187503,2795.968280862523,221.19789449283704
2012,Wheat,Lesotho,864.1,kg/ha,A,Official figure,12170.0,185798.0,0.0655012432857189,0.1061079522999014,-9999.0,23.019823258276656,0.3896746690167666,2.0066639603304823,55.27185906828694,12262665.53543197,62.50075137505385,356.2606440187503,2795.968280862523,221.19789449283704
2013,Wheat,Lesotho,1234.5,kg/ha,A,Official figure,10913.0,174827.0,0.0624217083173651,0.0655012432857189,-9999.0,24.400811637312906,0.3754118432943845,1.8129881882144705,48.517745069059934,12427983.4840825,62.50075137505385,356.2606440187503,2795.968280862523,221.19789449283704
2014,Wheat,Lesotho,910.4,kg/ha,A,Official figure,13832.0,203715.0,0.0678987801585548,0.0624217083173651,-9999.0,23.53873714269873,0.3885781578909378,1.8786540449436864,52.05705036387174,12253229.800537225,62.50075137505385,356.2606440187503,2795.968280862523,221.19789449283704
2015,Wheat,Lesotho,849.9,kg/ha,A,Official figure,8317.0,158503.0,0.0524721929553383,0.0678987801585548,-9999.0,25.473415526945264,0.3704916315427618,1.5508096459039835,49.32780627474044,12649874.72109842,62.50075137505385,356.2606440187503,2795.968280862523,221.19789449283704
2016,Wheat,Lesotho,593.7,kg/ha,A,Official figure,7900.0,73491.0,0.1074961559918901,0.0524721929553383,-9999.0,24.66946959932828,0.3785982193602492,1.7886575687959123,53.95982130426683,12318525.56790794,62.50075137505385,356.2606440187503,2795.968280862523,221.19789449283704
2017,Wheat,Lesotho,1293.4,kg/ha,A,Official figure,6843.0,255905.0,0.0267403919423223,0.1074961559918901,-9999.0,24.2192017583744,0.385774414409147,1.869037051331582,52.5224177135142,12185854.775536738,62.50075137505385,356.2606440187503,2795.968280862523,221.19789449283704
2018,Wheat,Lesotho,939.1,kg/ha,A,Official figure,7427.0,259758.0,0.0285919971665935,0.0267403919423223,-9999.0,24.37208776488083,0.3849501455689283,2.0483388481555584,52.27877203525688,12491235.435401872,62.50075137505385,356.2606440187503,2795.968280862523,221.19789449283704
2019,Wheat,Lesotho,624.8,kg/ha,A,Official figure,2292.0,67354.0,0.0340291593669269,0.0285919971665935,-9999.0,26.083097589410176,0.3714629904420837,1.895001781267572,45.52129466725185,12642571.25548139,62.50075137505385,356.2606440187503,2795.968280862523,221.19789449283704
2020,Wheat,Lesotho,697.0,kg/ha,A,Official figure,2875.0,90888.0,0.031632338702579,0.0340291593669269,-9999.0,23.296985001007645,0.4068825894538868,2.1400281023535643,53.909134240217725,12146057.38512687,62.50075137505385,356.2606440187503,2795.968280862523,221.19789449283704
2021,Wheat,Lesotho,461.4,kg/ha,A,Official figure,5191.0,157341.0,0.0329920364050056,0.031632338702579,7.905099911796773,22.10291244910049,0.4082699635073734,1.922727977986128,56.56448148694974,11883193.85983266,62.50075137505385,356.2606440187503,2795.968280862523,221.19789449283704
2022,Wheat,Lesotho,810.7,kg/ha,A,Official figure,7036.0,149453.0,0.047078345700655,0.0329920364050056,8.474896571905738,20.59081065129222,0.4291711964726186,2.634098822237009,61.20155727214621,11683169.196492258,62.50075137505385,356.2606440187503,2795.968280862523,221.19789449283704
2023,Wheat,Lesotho,598.4,kg/ha,A,Official figure,10639.0,213938.0,0.049729360842861,0.047078345700655,7.622949779346055,21.352765329386106,0.4239557895572053,2.1654318455862853,57.41139400678172,12070132.284950756,62.50075137505385,356.2606440187503,2795.968280862523,221.19789449283704
